ID	kmer_nro	min_score	max_score	min_scaled_score	max_scaled_score
AR_HT-SELEX_TGCTCG20NGA_AF_RRGWACANNNTGTWCYY_2_3	905216	-18.9978539982098	16.6087128475193	-1.14385	1
ARNTL_HT-SELEX_TCAAAA20NCG_W_GTCACGTGAC_2_3	226	-12.535911661321	13.4810220600689	-0.929893	1
Arx_HT-SELEX_TCGCAT20NACT_AC_NTAATYNRATTAN_1_2	41984	-2.42252632562619	12.9083995940027	-0.187671	1
ARX_HT-SELEX_TGCGTT20NTGC_Z_NTAATYNRATTAN_1_2	41984	-1.21348470518565	12.7177710678943	-0.0954165	1
Ascl2_HT-SELEX_TAGGGC20NCG_Z_RRCAGCTGYY_1_4	1912	-14.9891154531104	11.4844898005134	-1.30516	1
ATF4_CEBPB_CAP-SELEX_TCCATG40NCAC_AT_NNATGAYGCAAYN_1_3	83968	-24.8410043585039	13.7233068611314	-1.81013	1
ATF4_CEBPD_CAP-SELEX_TTGAGT40NCGC_AT_NGATGATGCAATNN_2_3	33856	-22.9848876741139	14.2759552291299	-1.61004	1
Atf4_HT-SELEX_TGCCGC20NGA_Z_NGGATGATGCAATM_2_4	5344	-11.5885304421135	16.4824239945038	-0.703084	1
ATF4_HT-SELEX_TGGAAT20NGA_W_NNATGAYGCAATN_2_3	48640	-16.8606798055711	14.1059770398093	-1.19529	1
ATF4_TEF_CAP-SELEX_TTGCCC40NCTC_AT_RNMTGATGCAATN_1_3	26176	-18.2740951175272	15.0134920808729	-1.21718	1
ATF7_HT-SELEX_TGGGCG30NCGT_AI_NNATGACGTCATNN_1_4	55936	-4.52250160725109	14.5188882013545	-0.311491	1
Atoh1_HT-SELEX_TAGTCC20NCTT_Z_RNCATATGNY_1_3	6220	-15.0986900419793	10.3480611855621	-1.45908	1
Barhl1_HT-SELEX_TCAGTC20NCG_AC_NNTAAACGNN_1_2	39424	-20.732579814282	8.32222786644467	-2.49123	1
Barhl1_HT-SELEX_TCAGTC20NCG_AC_NNTAATTGNN_1_2	34336	-12.3555498650855	7.80502388993408	-1.58303	1
Barhl1_HT-SELEX_TCAGTC20NCG_AC_TAAWYGNNNNTAAWYG_1_3	1568032	-19.1819600237849	14.333851475519	-1.33823	1
BARHL2_HT-SELEX_TATTGT20NGTG_AC_NNTAAACGNN_1_2	39424	-23.4491681225715	8.20145412343502	-2.85915	1
BARHL2_HT-SELEX_TATTGT20NGTG_AC_NNTAATTGNN_1_2	34336	-22.9897110412727	8.02399080542662	-2.86512	1
BARHL2_HT-SELEX_TATTGT20NGTG_AC_TAAWYGNNNNTAAWYG_1_3	1568032	-2.03822211909479	13.5555492697686	-0.150361	1
BARHL2_HT-SELEX_TCCAGT40NGAC_AI_NNTAAACGNN_1_3	39424	-26.3686449650979	8.73583020579346	-3.01845	1
BARHL2_HT-SELEX_TCCAGT40NGAC_AI_NNTAATTGNN_1_3	34336	-25.5404224575507	8.54450720411498	-2.9891	1
BARHL2_HT-SELEX_TCCAGT40NGAC_AI_TAAWYGNNNNTAAWYG_1_4	1568032	-2.6233746222995	14.8263616607175	-0.17694	1
BARX1_HT-SELEX_TATTCG20NCTG_AC_CNATTAAAWANCNATTA_2_3	100096	-7.8929197882122	16.6639398023913	-0.473653	1
BARX1_HT-SELEX_TATTCG20NCTG_AC_NYNATTAN_1_3	7618	-28.3747460153439	7.77765942352285	-3.64824	1
BATF3_HT-SELEX_TAAGAC20NAGA_AC_TGATGACGTCATCA_2_4	442	-6.47531081337555	18.3309422885101	-0.353245	1
BCL6B_HT-SELEX_TGCGGG20NGA_AC_TGCTTTCTAGGAATTMM_2_4	4336	-2.68632191324463	22.1441627620679	-0.121311	1
BHLHA15_HT-SELEX_TCCGTG20NCG_Y_NNCATATGNN_1_4	19792	-37.3132262524398	11.9805214866068	-3.11449	1
Bhlhb2_HT-SELEX_TCAAGG20NGAA_Z_NKCACGTGMN_1_2	6220	-23.7005018314136	10.6645462183365	-2.22236	1
BHLHB2_HT-SELEX_TGGGAC20NGA_Y_NKCACGTGMN_1_2	6220	-14.1916422476531	10.5763232512045	-1.34183	1
BHLHB3_HT-SELEX_TCAAAA20NCG_AD_NKCACGTGMN_1_2	6220	-23.6003296432482	10.6747660957567	-2.21085	1
BHLHE22_HT-SELEX_TCTTGA20NGTG_Y_NANCATATGNTN_1_3	35560	-28.9561286389835	12.7813798770241	-2.26549	1
BHLHE23_HT-SELEX_TATATC20NCG_Y_ANCATATGNT_1_4	2242	-21.4057762352748	11.0480320319941	-1.93752	1
BHLHE41_HT-SELEX_TGTGCT20NCGG_AD_GTCACGTGAC_1_3	226	-10.8736679801982	12.3670369998166	-0.879246	1
BSX_HT-SELEX_TATGAA20NCG_Y_NYNATTAN_1_3	7618	-25.1132526988284	7.6417484474983	-3.28632	1
CART1_HT-SELEX_TGCGCC20NGA_Y_NTAAYYYAATTAN_1_2	42688	-1.72072417140877	11.8493507210489	-0.145217	1
CDX1_HT-SELEX_TCAACC20NCAA_Y_NYMATAAAN_1_3	8896	-14.9285548123153	9.32894778775443	-1.60024	1
CDX2_HT-SELEX_TACTTG20NCG_Y_NYMATAAAN_1_4	8896	-15.3333487437174	9.61249228644691	-1.59515	1
CEBPB_HT-SELEX_TCAACC20NCAA_W_NTTRCGCAAY_1_4	3285	-20.3044654729277	11.3798677596137	-1.78424	1
Cebpb_HT-SELEX_TCCTAA20NATC_Z_NTTRCGCAAY_1_2	3285	-13.8886267921951	11.5021514765763	-1.20748	1
CEBPB_HT-SELEX_TGGACA20NGA_W_NTTRCGCAAY_1_2	3285	-14.8856028011677	11.0558937574138	-1.3464	1
CEBPD_HT-SELEX_TAATGA20NCG_Y_NTTRCGCAAY_1_3	3285	-21.5765397189937	11.3180611427982	-1.90638	1
CEBPE_HT-SELEX_TGAGGC20NGA_W_NTTRCGCAAY_1_2	3285	-12.0610092836048	10.7749167411924	-1.11936	1
CEBPG_CREB3L1_CAP-SELEX_TGACTT40NGGT_AS_NGCCACGCAAYN_1_3	12160	-16.9981133352619	13.2164747604651	-1.28613	1
CEBPG_HT-SELEX_TAAAAT20NCG_AC_NTTRCGCAAY_1_2	3285	-23.627758677941	11.8676766850489	-1.99093	1
CEBPG_HT-SELEX_TAGACG20NTA_Q_NTTRCGCAAY_1_2	3285	-12.9771134231927	11.971973269429	-1.08396	1
CENPB_HT-SELEX_TGCTGT20NGTC_AD_CCCGCNTNNNRCGAA_1_3	238912	-18.4300623411772	14.2356509125505	-1.29464	1
CLOCK_HT-SELEX_TGAGAT20NAGA_Z_NACACGTGTN_1_3	2242	-16.313348988017	11.1530760929689	-1.46268	1
CPEB1_HT-SELEX_TAACCC20NCG_AC_RATAAAAR_1_3	772	-23.1572318429135	9.44660494425785	-2.45138	1
CREB3_HT-SELEX_TAGAAC20NCG_AD_NNRTGACGTCAYCN_1_4	81316	-10.051643851699	14.8525700756134	-0.676761	1
CREB3_HT-SELEX_TAGAAC20NCG_AD_NTGCCACGTCAYCN_2_4	18016	-11.5664833814654	14.6002945173586	-0.792209	1
CREB3L1_HT-SELEX_TAAACA20NCAA_Y_NTGCCACGTCANCA_1_4	10096	-11.5529254331348	15.9611572388682	-0.723815	1
CREB3L1_HT-SELEX_TAAACA20NCAA_Y_TGCCACGTGGCA_2_4	325	-5.93067130553049	14.4929914717615	-0.40921	1
CREB3L1_HT-SELEX_TAGAGT20NCG_AD_NTGCCACGTCANCA_1_4	10096	-6.39307147120875	16.6947197805686	-0.38294	1
CREB3L1_HT-SELEX_TAGAGT20NCG_AD_TGCCACGTGGCA_2_4	325	-6.95488483925368	15.5255497814676	-0.447964	1
Creb3l2_HT-SELEX_TAACGG20NGCA_Z_TGCCACGTCATCA_2_4	742	-11.2175775912224	17.2479904691578	-0.65037	1
Creb3l2_HT-SELEX_TAACGG20NGCA_Z_TGCCACGTGGCA_2_4	325	-8.67415014365028	14.991673029651	-0.578598	1
Creb5_HT-SELEX_TATCGC20NCG_Z_NATGACGTCAYN_1_3	8512	-17.1192483177171	13.2172420832869	-1.29522	1
CTCF_HT-SELEX_TAGCGA20NGCT_AJ_NGCGCCMYCTAGYGGTN_2_4	95360	-16.9539607623364	18.2988525272859	-0.926504	1
CUX1_HOXA13_CAP-SELEX_TCGGTA40NTGA_AY_ATCRATNNNNYCRTAAA_1_3	1089536	-21.3578339133595	17.9397206155312	-1.19053	1
CUX1_HOXB13_CAP-SELEX_TACGCA40NAAT_AY_SYMRTAAANATYGATN_1_3	257024	-16.8248696073291	16.3582003523623	-1.02853	1
CUX1_HT-SELEX_TAGCAG40NACT_AI_ATCRATNNNNNATCRAT_1_3	1660928	1.40609068421206	17.1045702440792	0.0822056	1
CUX1_HT-SELEX_TAGCAG40NACT_AI_TAATCRATAN_1_3	2351	-3.95524890408602	10.418271829749	-0.379645	1
CUX1_TBX21_CAP-SELEX_TGGCAC40NAAG_AY_NTCACACMNNNATCRATN_1_3	2449408	-20.0554320793217	18.2965678604613	-1.09613	1
CUX1_TBX21_CAP-SELEX_TGGCAC40NAAG_AY_TMACACCYAATA_1_3	1996	-15.5078977941175	12.9916835334211	-1.19368	1
CUX2_HT-SELEX_TAGCCT40NCCT_AI_TAATCRATAN_1_3	2351	-4.18491621528157	11.0480608707043	-0.378792	1
Dbp_HT-SELEX_TAAATG20NCG_Z_NRTTACGTAAYN_1_2	10552	-12.5743350342887	12.9353417099678	-0.972091	1
DBP_HT-SELEX_TAACTT20NCG_W_NRTTACGTAAYN_1_2	10552	-20.9779497353368	12.5661683617149	-1.6694	1
DBP_HT-SELEX_TGCGGG20NGGC_AE_NRTTACGTAAYN_1_2	10552	-11.2351932713608	11.682535564665	-0.961708	1
DLX1_HT-SELEX_TCTTGA20NGA_AC_NNYAATTANN_1_4	41296	-5.65483136113005	8.16092883377027	-0.692915	1
Dlx1_HT-SELEX_TGAGAT20NCG_P_NYAATTAN_1_2	2596	-6.78887421966579	7.47975335694264	-0.907633	1
Dlx2_HT-SELEX_TCGCCA20NCCT_AA_NYAATTAN_1_3	2596	-15.5006506274891	7.76486986039901	-1.99625	1
DLX2_HT-SELEX_TTCATG20NTA_AF_NYAATTAN_1_2	2596	-2.52400226783208	7.10838025213826	-0.355074	1
DLX3_HT-SELEX_TATGTT20NCG_Y_NYAATTAN_1_2	2596	-3.36332240645993	7.32504831600084	-0.459154	1
DLX4_HT-SELEX_TCTTCT20NGA_AC_NYAATTAN_1_3	2596	-4.86877744994383	7.53708583283056	-0.645976	1
DLX5_HT-SELEX_AGGGC14N_S_NYAATTAN_1_3	2596	-1.65220962056315	7.27863535777501	-0.226994	1
DLX6_HT-SELEX_TGCGGG20NGA_Y_NYAATTAN_1_3	2596	-21.3292450835183	7.7532043369966	-2.75102	1
DMBX1_HT-SELEX_TAACCC20NCCA_AC_NNGGATTANN_1_4	38688	-16.8389273258422	8.44003604767764	-1.99513	1
DPRX_HT-SELEX_TCGAAG30NAAT_AI_NNGGATTANN_1_2	38688	-24.8332100704862	8.44896103215003	-2.9392	1
DPRX_HT-SELEX_TCGAAG30NAAT_AI_NRGATAATCYN_1_2	13696	-20.527967646073	10.6957152081271	-1.91927	1
DRGX_HT-SELEX_TCCCTC20NCG_Y_NTAAYYNAATTAN_1_2	67040	-5.72891751868703	12.6708690628216	-0.452133	1
DUXA_HT-SELEX_TTCACA20NTA_AF_NTRAYNTAATCAN_1_2	79968	-12.5266962500498	12.4531481486942	-1.00591	1
E2F1_HT-SELEX_CAATT14N_U_AATGGCGCCAAA_2_4	630	-12.4049563058613	13.0672533864698	-0.949316	1
E2F1_HT-SELEX_CAATT14N_U_TTTGGCGCCAAA_2_4	325	-12.1003529758426	13.1945593881541	-0.917071	1
E2F2_HT-SELEX_TACTCA20NCG_W_AAAAATGGCGCCAAAANN_2_4	18064	-13.5771468264123	21.9952328733419	-0.617277	1
E2F2_HT-SELEX_TACTCA20NCG_W_AAAATGGCGCCATTTT_2_4	577	0.172910316561778	19.8384382128699	0.00871592	1
E2F2_HT-SELEX_TACTCA20NCG_W_NNTTTTGGCGCCAAAANN_2_4	110512	-7.41471782542118	21.0120543377649	-0.352879	1
E2F3_DRGX_CAP-SELEX_TTATAA40NGTG_AAA_SGCGCTAATTKN_1_2	6544	-14.6341207431627	13.4108346277166	-1.09122	1
E2F3_FOXI1_CAP-SELEX_TCCTCT40NGTC_AAA_NNMCACCGCGCCCMN_1_3	127744	-19.1560931721327	17.2983674263304	-1.10739	1
E2F3_FOXO6_CAP-SELEX_TCCGAA40NGGC_AAA_NMATGACACGCGCCMNN_2_3	180736	-13.7479686321435	18.7081075908817	-0.734867	1
E2F3_FOXO6_CAP-SELEX_TCCGAA40NGGC_AAA_NMATGACACNGCGCCMNN_2_3	722944	-17.0605442662554	19.6078575484685	-0.870087	1
E2F3_HT-SELEX_TTACAT20NACA_AF_NNAAATGGCGCCAAAANN_2_4	220672	-17.9704828986321	20.696141282803	-0.868301	1
E2F3_HT-SELEX_TTACAT20NACA_AF_NNAAATGGCGCCATTTNN_2_4	110512	-18.3234898435687	20.1843127850798	-0.907808	1
E2F3_HT-SELEX_TTACAT20NACA_AF_NNTTTTGGCGCCAAAANN_2_4	110512	-9.9324086188678	21.1858692645848	-0.468822	1
E2F4_HT-SELEX_AGCAG14N_U_AATGGCGCCAAA_1_4	630	-6.87587271190707	15.9832367391676	-0.430193	1
E2F4_HT-SELEX_AGCAG14N_U_TTTGGCGCCAAA_1_4	325	-6.22889497027114	16.3102889524472	-0.3819	1
E2F7_HT-SELEX_TCACAC20NACA_Y_TTTTCCCGCCAAAW_2_4	1563	-8.27634214744831	18.2364077165066	-0.453836	1
E2F8_HT-SELEX_GGCTT14N_U_TTTCCCGCCAAA_2_4	630	-5.19145325956186	16.1556133244976	-0.321341	1
EBF1_HT-SELEX_TATAAG20NCG_AC_NNTCCCNNGGGANN_1_3	567712	-23.4577576019513	14.6516899577213	-1.60103	1
EGR1_HT-SELEX_TACTAT20NATC_AA_NACGCCCACGCANN_2_4	33856	-15.8027744736043	15.9148900479326	-0.992955	1
EGR1_HT-SELEX_TCTCTT20NGA_Y_NMCGCCCMCGCANN_2_2	104704	-15.9609695541395	14.4990907489577	-1.10083	1
Egr1_HT-SELEX_TGCGCC20NCG_P_NNMCGCCCMCTCANNN_1_4	1675264	-21.3808991553875	15.3073970204854	-1.39677	1
EGR2_HT-SELEX_TCATCA20NCTA_W_NNMCGCCCACGCANN_2_2	239104	-18.0409513662291	14.1207996841428	-1.27762	1
EGR2_HT-SELEX_TCGGCC20NGA_W_MCGCCCACGCA_2_3	934	-15.564939126518	13.4778996277417	-1.15485	1
Egr3_HT-SELEX_TCATGC20NGTA_Z_NACGCCCACGCANNN_2_3	135424	-16.4546361790937	16.1758784093421	-1.01723	1
EGR3_HT-SELEX_TTAAGA20NGAA_AF_NNACGCCCACGCANN_2_3	135424	-16.2051728533554	15.5071291865396	-1.04501	1
EGR4_HT-SELEX_TAGCGA40NGCT_AI_NNMCGCCCACGCANNN_2_4	956416	-11.1904514289249	15.2477578020162	-0.733908	1
EHF_HT-SELEX_TCTTGA20NGTG_AG_NACCCGGAAGTA_2_3	2116	-13.9050312680202	13.8221912089615	-1.00599	1
ELF1_HT-SELEX_TATGGG20NCG_W_AACCCGGAAGTR_2_4	1126	-7.97604157982077	14.8424901520918	-0.537379	1
ELF1_HT-SELEX_TGGGTA20NGA_O_AACCCGGAAGTN_1_7	2116	-15.3063463379436	14.2015663852384	-1.07779	1
ELF3_HT-SELEX_TCCGTG20NTGC_Y_WACCCGGAAGTA_2_3	1126	-15.1773185109803	14.5203958418421	-1.04524	1
ELF3_HT-SELEX_TGACCT20NCCA_AG_NACCCGGAAGTAN_2_4	8464	-15.0380901748533	15.2391821262976	-0.986804	1
ELF4_HT-SELEX_TGACTC20NTCA_AG_AACCCGGAAGTR_2_3	1126	-12.0809131052863	14.2638339884596	-0.846961	1
Elf5_HT-SELEX_TATTGT20NCG_Z_ACCCGGAAGTN_2_2	1744	-16.7496797402936	10.4506096379623	-1.60275	1
ELF5_HT-SELEX_TCTCGG20NGA_AF_ACCCGGAAGTN_2_2	1744	-18.3897246031881	10.752900497382	-1.71021	1
ELF5_HT-SELEX_TGCCGC20NCG_V_ACCCGGAAGTN_2_2	1744	-18.1782702856202	11.2206808108294	-1.62007	1
ELK1_EOMES_CAP-SELEX_TGAGTC40NAAC_AAA_RSCGGAANNAGGYGYNA_1_2	579584	-25.289552155333	17.50159605813	-1.44499	1
ELK1_EOMES_CAP-SELEX_TGAGTC40NAAC_AAA_TNRCACCGGAAGN_1_2	14944	-20.1026698406257	13.8891037724864	-1.44737	1
ELK1_EVX1_CAP-SELEX_TGGAAT40NAAT_AAD_RSCGGWANNNNYMATTA_1_3	3375104	-21.0133845574125	16.0254693725776	-1.31125	1
ELK1_FOXI1_CAP-SELEX_TAGTCA40NTCT_AAA_RSCGGAANNRTMAAYAN_1_3	1028096	-25.7523437415249	18.6204607415034	-1.38301	1
ELK1_FOXI1_CAP-SELEX_TAGTCA40NTCT_AAA_RSCGGAANRWMAACAN_1_3	257024	-22.1031066000624	17.3797198675579	-1.27178	1
ELK1_FOXI1_CAP-SELEX_TAGTCA40NTCT_AAA_RSCGGATGTKKN_1_3	19512	-24.5313212323711	13.5751147984799	-1.80708	1
ELK1_FOXI1_CAP-SELEX_TAGTCA40NTCT_AAA_WGTTKMCGGAWRTN_1_3	52350	-11.4025632731856	14.0359374348127	-0.812383	1
ELK1_HOXA3_CAP-SELEX_TCTGTG40NAGA_AAA_RSCGGTAATKR_1_2	4880	-19.0857336333666	10.4551797870427	-1.82548	1
ELK1_HOXB13_CAP-SELEX_TGCGAC40NGGT_AAA_RSCGGAAGNNGTAAAN_2_3	153088	-23.7564042654514	17.808050802134	-1.33403	1
ELK1_HT-SELEX_TCGGAA20NAGT_AG_ACCGGAAGTN_1_2	1408	-19.1547204132824	11.1544273514263	-1.71723	1
ELK1_HT-SELEX_TGAGTG20NTGA_AG_ACCGGAAGTN_1_2	1408	-18.0794656368206	11.9915487504628	-1.50768	1
ELK1_HT-SELEX_TGAGTG20NTGA_AG_NACTTCCGSCGGAARMN_2_3	91904	-5.69877666428199	19.3422336533079	-0.294629	1
ELK1_ONECUT2_CAP-SELEX_TCCAGG40NTAG_AAA_RSCGGAASNGRTCGATAN_2_2	200960	-4.49550874479529	19.5006239463548	-0.230532	1
ELK1_PAX1_CAP-SELEX_TGAAGG40NGAT_AAA_RSCGGAACYACGCWYSANTG_2_2	255232	-11.1349236737192	22.1437428854948	-0.502847	1
ELK1_PAX5_CAP-SELEX_TCAGTT40NTTG_AAA_RSCGGAACYACGCWYSANTG_2_2	255232	-13.7705531989741	22.0976930908719	-0.623167	1
ELK1_PAX9_CAP-SELEX_TAGAAA40NCAG_AAA_RSCGGAACYACGCWYSANTG_2_2	255232	-9.23419357123545	22.0686247942184	-0.418431	1
ELK1_SPDEF_CAP-SELEX_TGGAGC40NGAT_AAD_NSMGGACGGAYNTCCKSN_2_3	1210208	-13.8656284027362	18.8744573691286	-0.734624	1
ELK1_SREBF2_CAP-SELEX_TCTTTG40NACT_AAA_RSCGGAANTSRCGTGA_1_2	42944	-22.4834558699971	17.8148928809218	-1.26206	1
ELK1_SREBF2_CAP-SELEX_TCTTTG40NACT_AAA_RWCACGTGNNCGGAANN_1_2	612352	-22.5706117439485	19.3013127321176	-1.16938	1
ELK1_TBX21_CAP-SELEX_TCCTAT40NAGA_AAA_TNRCACCGGAAGNN_1_2	59776	-20.2977978702004	13.9373506615965	-1.45636	1
ELK1_TEF_CAP-SELEX_TCGTTC40NATA_AAA_NSCGGAWNTTACGTAAN_1_2	180736	-18.8377274558712	18.8981139377077	-0.996805	1
ELK3_HT-SELEX_TCGGGG20NGGT_AG_ACCGGAAGTN_1_2	1408	-17.1069705561442	11.1964131893435	-1.5279	1
Elk3_HT-SELEX_TGAGTG20NTGA_AC_ACCGGAAGTN_1_3	1408	-20.0689600461248	12.0034229506052	-1.67194	1
ELK4_HT-SELEX_TAGGGC40NGGT_AK_ACCGGAARTN_1_3	2416	-22.9255580296111	11.0676856976651	-2.0714	1
EMX1_HT-SELEX_TCGCAT30NACT_AI_NNYAATTANN_1_3	41296	-25.8685151331799	8.64223627631302	-2.99327	1
EMX1_HT-SELEX_TCGCAT30NACT_AI_YMATTARYTAATKR_1_3	14208	1.23277181032622	14.9254716268321	0.0825952	1
EMX2_HT-SELEX_TGGTTC30NTTT_AI_NNYAATTANN_1_4	41296	-29.0582404020305	9.44517682050768	-3.07652	1
EMX2_HT-SELEX_TGGTTC30NTTT_AI_YMATTARYTAATKR_1_4	14208	1.49583377998117	14.1803865662677	0.105486	1
EN1_HT-SELEX_TGACCT20NCCA_W_NYAATTAN_1_3	2596	-22.1557460064467	8.3324661044563	-2.65897	1
EN1_HT-SELEX_TGACCT20NCCA_W_TAATTRSNYAATTA_2_4	12276	3.86895849686968	12.0923838974436	0.31995	1
EN1_HT-SELEX_TGTAGG20NGA_Y_NNYAATTANN_1_3	41296	-13.8403345056908	8.76154704532239	-1.57967	1
EN1_HT-SELEX_TGTAGG20NGA_Y_TAATTRSNYAATTA_2_3	12276	3.21520557701561	15.5974031392092	0.206137	1
En2_HT-SELEX_TCAGCT20NCG_Z_NNYAATTANN_1_4	41296	-20.4880684652	9.55509893793102	-2.1442	1
EN2_HT-SELEX_TGCCAT20NGA_AE_NNYAATTANN_1_3	41296	-23.0988759773134	8.91342323736832	-2.59147	1
EN2_HT-SELEX_TTGAGG20NGA_R_NNYAATTANN_1_3	41296	-19.2663533878349	8.61173654800711	-2.23722	1
EOMES_HT-SELEX_TGTAAA30NAAG_AI_NAGGTGTGAAAWN_1_3	14944	-3.75879006800094	12.8472288234418	-0.292576	1
EOMES_HT-SELEX_TGTAAA30NAAG_AI_TCACACCTNNNNAGGTGTGA_2_3	144712	1.43704355779165	18.7649267437341	0.0765814	1
ERF_CEBPD_CAP-SELEX_TAGAGG40NACC_AAC_RSMGGAANTTGCGYAAN_1_3	171776	-25.8606698374484	17.7526546739687	-1.45672	1
ERF_EOMES_CAP-SELEX_TGAGTC40NAAC_AAC_TNTCACACCGGAAAT_2_3	3448	-11.8567837127474	13.905720982822	-0.852655	1
ERF_ETV7_CAP-SELEX_TTGGTG40NTAC_AAC_NSMGGACGGAYNTCCKSN_1_2	1210208	-15.7298315960679	16.5829496082452	-0.948555	1
ERF_FIGLA_CAP-SELEX_TCGAAC40NGAT_AAC_RSCGGAANCASCTGNN_1_3	272384	-14.1539664764339	16.0796221393379	-0.880242	1
ERF_FOXI1_CAP-SELEX_TAGTCA40NTCT_AAC_RSCGGATGTTKWN_1_2	24512	-17.6951598012241	12.6780796686099	-1.39573	1
ERF_FOXI1_CAP-SELEX_TAGTCA40NTCT_AAC_RTAAACMGGAARYN_1_2	30080	-14.9945718318069	12.8177886263415	-1.16983	1
ERF_FOXI1_CAP-SELEX_TAGTCA40NTCT_AAC_TGTTKMCGGAWRN_1_2	24512	-3.01379729927771	12.3052281553518	-0.24492	1
ERF_FOXO1_CAP-SELEX_TATGGT40NATA_AAC_RTMAACAGGAARNN_1_3b1	56192	-13.3835734011827	13.7412681842301	-0.973969	1
ERF_HOXB13_CAP-SELEX_TGCGAC40NGGT_AAC_NNMGGAARNNRTAAAN_1_2	2908160	-13.9513461413485	13.6471128196685	-1.02229	1
ERF_HT-SELEX_TCAGAG20NCG_W_ACCGGAAGTN_1_4	1408	-12.3361777156155	11.7234553942995	-1.05226	1
ERF_MAX_CAP-SELEX_TTAGTC40NTCC_AAC_RSCGGAANCACGTGN_1_3	38272	-19.3293470761419	17.8154801164109	-1.08497	1
ERF_NHLH1_CAP-SELEX_TCTCGT40NGCC_AAC_NNCAGCTGCCGGAWRYN_2_3	324608	-21.1362337174727	19.1528458109144	-1.10356	1
ERG_HT-SELEX_TCTACA20NCAG_AG_ACCGGAARTN_1_2	2416	-18.961655825597	10.8769804349135	-1.74328	1
ERG_HT-SELEX_TCTACA20NCAG_AG_NCCGGAWATCCGGN_1_3	12766	-7.96307613093661	16.2664964602827	-0.489538	1
ERG_HT-SELEX_TGCAAG20NAAC_AG_ACCGGAARTN_1_2	2416	-17.7446044915019	11.2766376584952	-1.57357	1
ERG_HT-SELEX_TGCAAG20NAAC_AG_ACCGGAWATCCGGT_1_3	1126	-9.58623847183073	17.0435254200681	-0.562456	1
ESR1_HT-SELEX_TAGAGT20NCG_W_NAGGTCAMSRTGACCTN_2_4	79696	-10.6961022180089	19.0053673645759	-0.562794	1
Esrra_HT-SELEX_TAGCTC20NCG_AC_RAGGTCANTCAAGGTCA_2_4	8296	-10.1578414809226	20.2434974450681	-0.501783	1
Esrra_HT-SELEX_TAGCTC20NCG_AC_TTCAAGGTCAN_1_4	1744	-18.8566160333068	14.258222591078	-1.32251	1
ESRRA_HT-SELEX_TGACGA30NGCA_AI_NTCAAGGTCAN_2_4	5632	-25.5674954895109	11.9077873859054	-2.14712	1
ESRRA_HT-SELEX_TGACGA30NGCA_AI_RAGGTCANTCAAGGTCA_2_4	8296	-1.06195798643651	20.7120604174607	-0.0512724	1
ESRRA_HT-SELEX_TGACGA30NGCA_AI_SAAGGTCANNTSAAGGTCA_2_4	69376	2.4937261041052	20.7888999685292	0.119955	1
ESRRB_HT-SELEX_ATTAC14N_U_TCAAGGTCAWN_1_4	3040	-15.4480358663498	13.1607284816617	-1.1738	1
ESRRG_HT-SELEX_TGACGA20NGCA_AF_AAGGTCANNNNAAGGTCA_2_4	220672	-15.2792692989144	20.536953622032	-0.743989	1
ESRRG_HT-SELEX_TGACGA20NGCA_AF_RAGGTCANTCAAGGTCA_2_4	8296	-9.72204014524818	20.4620418416778	-0.475126	1
ESRRG_HT-SELEX_TGACGA20NGCA_AF_TSAAGGTCAN_1_4	2416	-17.502391572854	11.5417891756058	-1.51644	1
ESX1_HT-SELEX_TCTCGG20NGA_AC_NNYAATTANN_1_2	41296	-4.76035598366828	8.19340390236531	-0.580999	1
ESX1_HT-SELEX_TCTTCT20NGA_AE_NNYAATTANN_1_2	41296	-6.45451775118573	8.3420862305846	-0.773729	1
ETS1_HT-SELEX_TGTAAA20NGA_AF_ACCGGAARYN_1_2	4096	-18.451147568764	10.3809749162881	-1.7774	1
ETS1_HT-SELEX_TGTAAA20NGA_AF_NCCGGAWRYRYWTCCGGN_2_3	326448	-19.720197730832	21.2608139960902	-0.927537	1
ETS1_HT-SELEX_TGTACC30NCAG_AI_ACCGGAARYN_1_2	4096	-19.1031634726281	11.0532273351692	-1.72829	1
ETS1_HT-SELEX_TGTACC30NCAG_AI_NCCGGAWRYRYWTCCGGN_1_3	326448	-6.63071108803088	19.3623961746643	-0.342453	1
ETV1_HT-SELEX_TCGTTA20NTTT_AG_ACCGGAARYN_1_2	4096	-20.4734283390865	10.6710095257	-1.9186	1
ETV2_BHLHA15_CAP-SELEX_TCGAGT40NACT_AAA_RSCGGANNCATATGK_1_3b0	68096	-20.2877214395686	17.0315407608226	-1.19119	1
ETV2_CEBPD_CAP-SELEX_TGTAGA40NTGT_AAA_RSCGGANNTTGCGYAAN_1_2	324608	-6.54607785839602	16.6701390932937	-0.392683	1
ETV2_DRGX_CAP-SELEX_TCTTGT40NCAG_AAA_RSCGGAANYAATTA_1_2	17024	-16.0740190051194	14.7148585058497	-1.09237	1
ETV2_DRGX_CAP-SELEX_TCTTGT40NCAG_AAA_RSCGGAWRYATTA_1_2	13184	-15.8537572592303	13.1741926775011	-1.20339	1
ETV2_EOMES_CAP-SELEX_TCAGCA40NCTC_AAA_TCACACCGGAWRY_1_3	4256	-9.76759865288057	13.1636011646861	-0.742016	1
ETV2_ETV7_CAP-SELEX_TGAGGT40NTCC_AAA_NSMGGACGGAYNTCCKSN_1_2	1210208	-13.7210338539498	17.1514006897465	-0.799995	1
ETV2_EVX1_CAP-SELEX_TCTCCG40NCGC_AAA_RSCGGWAATNNNYATTAN_1_3	2318336	-16.1979284304807	15.954618320915	-1.01525	1
ETV2_FIGLA_CAP-SELEX_TGTGAT40NGCA_AAA_NNCGGAANCAGGTGNN_2_2	541696	-2.31084446357987	16.2977939640309	-0.141789	1
ETV2_FOXI1_CAP-SELEX_TACATC40NATA_AAA_NRTMAACMGGAARYN_1_3	210944	-17.735987888947	14.7166002954426	-1.20517	1
ETV2_FOXI1_CAP-SELEX_TACATC40NATA_AAA_RNCGGAANNAAACA_1_3	59776	-27.0391650326726	14.80591626018	-1.82624	1
ETV2_FOXI1_CAP-SELEX_TACATC40NATA_AAA_RSCGGAANNRYMAACAN_1_3	1028096	-4.67564261184499	15.8855690508207	-0.294333	1
ETV2_FOXI1_CAP-SELEX_TACATC40NATA_AAA_RSCGGATGTTKW_1_3	6128	-12.2864714670876	13.1245098515634	-0.936147	1
ETV2_FOXI1_CAP-SELEX_TACATC40NATA_AAA_TGTTKMCGGAWRTN_1_3	29943	-12.8485013228246	15.0304663272242	-0.854831	1
ETV2_FOXO6_CAP-SELEX_TCGCTA40NTCG_AAA_RCCGGATGTTKWN_1_3	14048	-18.3675136691838	13.1217368904053	-1.39978	1
ETV2_HOXA2_CAP-SELEX_TTAACA40NTGT_AAA_NCCGGAAGTMATTA_2_3	5344	-15.8436666303656	14.7014465180206	-1.07769	1
ETV2_HOXB13_CAP-SELEX_TGTGCA40NCCG_AAA_NCCGGAAGTYRTAAAN_1_3	45184	-17.1526424168051	13.9286451712869	-1.23147	1
ETV2_HOXB13_CAP-SELEX_TGTGCA40NCCG_AAA_NCCGGAANYATAAAN_1_3	72064	-20.5959096230171	15.56059465058	-1.32359	1
ETV2_HT-SELEX_TGGAGC20NGAT_AK_AACCGGAARTR_1_3	1636	-14.7776677185413	12.7993072635622	-1.15457	1
ETV2_NHLH1_CAP-SELEX_TGAGAG40NCGC_AAA_NGCAGCTGCCGGAWRYN_1_3	95360	-15.6770641126828	19.9416791940957	-0.786146	1
ETV2_ONECUT2_CAP-SELEX_TACTAC40NGCC_AAA_NRTCRATANCGGAARYN_1_3	579584	-15.5539267023948	17.791094192829	-0.874254	1
ETV2_SPDEF_CAP-SELEX_TTGCAA40NGTG_AAA_NSCGGACGGAWATCCGSNT_2_3	127232	-15.5583780166904	19.3723470905873	-0.803123	1
ETV2_TBX21_CAP-SELEX_TGTAGC40NCCT_AAA_TMACACMGGAARN_1_3	14048	-19.1804828013409	12.8939336129942	-1.48756	1
ETV2_TEF_CAP-SELEX_TCAGGG40NGCA_AAA_RSCGGAWNTTRCGYAAN_1_3	307712	-21.8220262901522	19.2273509599384	-1.13495	1
ETV3_HT-SELEX_TCAGGA20NCG_W_ACCGGAAGTN_1_4	1408	-12.6487449981444	11.4415005766864	-1.10551	1
ETV4_HT-SELEX_TCTATG20NTAG_AG_ACCGGAAGTN_1_2	1408	-17.4606820483829	10.5854976057788	-1.64949	1
ETV5_EOMES_CAP-SELEX_TACAAG40NTCC_AY_TNRCACCGGAWN_1_3	20992	-18.2096066146442	11.0612619993953	-1.64625	1
ETV5_ETV7_CAP-SELEX_TGTTAC40NCGC_AY_NNGGAMGGATKTCCGSN_1_2	324608	-11.6719629612068	17.1309324192002	-0.681338	1
ETV5_FIGLA_CAP-SELEX_TCAGCC40NTTC_AY_RSCGGAARCAGGTGN_1_3	20288	-6.26890677496451	16.5668482544692	-0.378401	1
ETV5_FOXI1_CAP-SELEX_TCTATA40NTAT_AY_GTMAACAGGAWRN_1_3b1	14048	-14.6993489946575	14.4939931090366	-1.01417	1
ETV5_FOXI1_CAP-SELEX_TCTATA40NTAT_AY_RSCGGATGTTGN_1_3	6544	-16.5128547438998	11.6381367703126	-1.41886	1
ETV5_FOXI1_CAP-SELEX_TCTATA40NTAT_AY_TGTTGNCGGAWRN_1_3	26176	-16.68034293157	13.1811803833034	-1.26547	1
ETV5_HOXA2_CAP-SELEX_TCGGCG40NACG_AY_RNCGGAWGTMATTA_1_3	17024	-10.9293997871288	14.5442571049556	-0.751458	1
ETV5_HOXA2_CAP-SELEX_TCGGCG40NACG_AY_RSCGGWAATKR_1_3	8288	-15.8177324812423	10.0196102974855	-1.57868	1
ETV5_HT-SELEX_TGCACT20NGA_AF_ACCGGAWGYN_1_2	4096	-20.4802525387092	9.59641015032386	-2.13416	1
ETV6_HT-SELEX_TGAGTG20NGA_AF_CCGGAASCGGAAGTN_2_3	6256	-5.99718093651341	17.7305859420103	-0.338239	1
ETV6_HT-SELEX_TGAGTG20NGA_AF_KSYGGAAGTN_1_3	6848	-25.9084122505006	11.090505089012	-2.33609	1
EVX1_HT-SELEX_TGGGAC20NAGT_Z_NNTNATTANN_1_3	75088	-27.9493804100256	8.50713322122591	-3.28541	1
EVX2_HT-SELEX_TCAAGG20NGAA_Y_NNTNATTANN_1_3	75088	-21.9514879546757	8.56513707444634	-2.56289	1
FEV_HT-SELEX_TGATCC20NCTA_Z_ACCGGAAGTN_1_3	1408	-13.3852566066018	10.888972100082	-1.22925	1
FIGLA_HT-SELEX_AGATA14N_U_NNCACCTGNN_1_4	34336	-22.6905767663228	10.0143355286606	-2.26581	1
FLI1_CEBPB_CAP-SELEX_TTCGGG40NGAG_AAC_RNCGGANNTTGCGCAAN_1_3	342016	-44.4254583780329	19.1974263168054	-2.31414	1
FLI1_DRGX_CAP-SELEX_TCCCGC40NACA_AAC_NNCGGAWGYMATTAN_1_3	224768	-16.4425681382266	16.0684401324396	-1.02328	1
FLI1_ETV7_CAP-SELEX_TTTACT40NACA_AAC_NSMGGACGGAYNTCCKSN_2_2	1210208	-19.8675753238178	17.4474262979863	-1.13871	1
FLI1_FIGLA_CAP-SELEX_TTGTAC40NGTA_AAC_RSCGGAANCASSTGN_1_2	120320	-18.8061653283953	15.3872128072601	-1.22219	1
FLI1_FOXI1_CAP-SELEX_TACGGT40NTAC_AAC_GAAAACCGAAAN_1_3	2116	-15.4101272989442	15.2196995140738	-1.01251	1
FLI1_FOXI1_CAP-SELEX_TACGGT40NTAC_AAC_RCCGGATGTTKWY_1_3	7520	-17.2113629920533	13.9011612349023	-1.23812	1
FLI1_FOXI1_CAP-SELEX_TACGGT40NTAC_AAC_RTAAACMGGAARYN_1_3	30080	-15.0156250483908	13.9458290111978	-1.07671	1
FLI1_FOXI1_CAP-SELEX_TACGGT40NTAC_AAC_TGTTKMCGGAWRNN_1_3	95477	-2.45482665541345	13.983832646061	-0.175547	1
FLI1_HT-SELEX_TAGGAT20NAGT_AC_ACCGGAARYN_1_3	4096	-24.1663228617519	11.5185634724454	-2.09803	1
FLI1_HT-SELEX_TAGGAT20NAGT_AC_ACCGGAWATCCGGT_1_4	1126	-11.7598058092607	17.3616863093035	-0.677342	1
FLI1_HT-SELEX_TCTAAT20NCG_V_ACCGGAARYN_1_2	4096	-22.5448233203351	10.6181817174399	-2.12323	1
FLI1_HT-SELEX_TCTAAT20NCG_V_ACCGGAWATCCGGN_1_3	4645	-7.20919012411441	15.6179673498153	-0.461596	1
FLI1_MAX_CAP-SELEX_TACCAA40NTTA_AAC_RSCGGAANCACGTGN_1_3	38272	-13.0507949974028	16.7231788911642	-0.780402	1
FOXB1_HT-SELEX_TCTGGT20NGGG_AE_WGTAAAYAN_1_4	3088	-17.2137911516366	10.1510876629121	-1.69576	1
FOXB1_HT-SELEX_TGAGCA30NCGA_AI_GAATGACACRGCGN_2_3	5344	-11.3324147535315	16.1329145851628	-0.702441	1
FOXB1_HT-SELEX_TGAGCA30NCGA_AI_WNWGTMAATATTRACWNW_2_3	543272	-4.54591042143366	19.7463776416799	-0.230215	1
FOXB1_HT-SELEX_TGAGCA30NCGA_AI_WRWGTMAAYAN_1_3	25088	-23.8106178144465	12.2279520891115	-1.94723	1
Foxc1_HT-SELEX_CCCCT14N_T_GTAAAYAAACA_2_4	934	-13.1055819300676	13.5675998511753	-0.965947	1
Foxc1_HT-SELEX_CCCCT14N_T_RTAAAYA_1_4	556	-19.0280610374152	8.41351820677207	-2.26161	1
FOXC1_HT-SELEX_TGAGGC30NGGA_AI_ANRTAAAYAAACA_1_3	7984	-7.97170212630446	14.6468662516637	-0.54426	1
FOXC1_HT-SELEX_TGAGGC30NGGA_AI_NRTMAATATTKAYN_2_3	49144	-12.6545402011861	14.0429926442553	-0.901128	1
FOXC1_HT-SELEX_TGAGGC30NGGA_AI_WRWRTMAAYAW_1_3	22912	-15.6556198149753	11.432441113034	-1.3694	1
FOXC2_HT-SELEX_TGAGTG30NTGA_AI_NRTMAATATTKAYN_2_3	49144	-11.6124646104556	13.4946968688719	-0.860521	1
FOXC2_HT-SELEX_TGAGTG30NTGA_AI_RTAAAYAAACA_1_3	1636	0.548375673623196	12.689170708196	0.043216	1
FOXC2_HT-SELEX_TGAGTG30NTGA_AI_WAWRTAAAYAWW_1_3	17408	-1.7419685354024	11.8804441272806	-0.146625	1
FOXD2_HT-SELEX_TGCTCG20NCTC_Z_RTAAAYA_1_2	556	-20.5954131570966	8.17646656749963	-2.51886	1
FOXD3_HT-SELEX_TGGGGT20NGGT_Z_NRNWAAYRTTKNYN_2_3	2072960	-18.3440019674189	12.606214028936	-1.45516	1
FOXD3_HT-SELEX_TGGGGT20NGGT_Z_RTAAAYA_1_3	556	-22.5850381993095	8.10925615141063	-2.78509	1
Foxg1_HT-SELEX_TATCTG20NTCG_AF_ATAAACAAGTRTAAACA_2_4	2356	-8.97115791392979	21.720920657988	-0.413019	1
Foxg1_HT-SELEX_TATCTG20NTCG_AF_NMGGACACAATC_2_4	3736	-12.9295609075829	14.362580696248	-0.900225	1
Foxg1_HT-SELEX_TATCTG20NTCG_AF_RTAAAYA_1_4	556	-23.5905674780292	9.01224030296887	-2.61761	1
FOXG1_HT-SELEX_TGGTTC20NGA_AA_ATAAACAANWGTAAACA_2_4	8296	-5.12114370064605	21.6340364680967	-0.236717	1
FOXG1_HT-SELEX_TGGTTC20NGA_AA_RCGGACACAATR_2_4	1996	-12.2911070314133	14.8245626078948	-0.829104	1
FOXI1_HT-SELEX_TCGGAA20NGA_AF_GTAAACA_1_4	211	-19.8526326112513	9.23348668541517	-2.15007	1
FOXI1_HT-SELEX_TCGGAA20NGA_AF_NTGTTTACRGTAAAYAN_2_4	50048	-18.9092872759907	21.3577562857654	-0.885359	1
FOXJ2_ELF1_CAP-SELEX_TAAGAT40NATG_AAF_NWAAACAGGAAGNN_1_2	59776	-17.1137868041398	13.7614957791259	-1.2436	1
FOXJ2_ELF1_CAP-SELEX_TAAGAT40NATG_AAF_RMAGAAAACCGAANN_1_2	38272	-18.2255355514978	16.575031597074	-1.09958	1
FOXJ2_HT-SELEX_TGACGA20NGA_W_RTAAACAA_1_2	466	-17.4977823808668	9.32370705450263	-1.8767	1
FOXJ2_HT-SELEX_TGACGA20NGA_W_RTAAACAATAAAYA_2_3	2824	-0.887855038144606	17.2558296385979	-0.0514525	1
FOXJ2_HT-SELEX_TGACGA20NGA_W_RTAAACAWMAACA_2_3	4256	0.538571663214667	15.5131653556373	0.0347171	1
FOXJ3_ELF1_CAP-SELEX_TCCGAT40NAGC_AAE_NNARAAAACCGAAWMN_1_2	272384	-16.3672326426739	16.2855962351939	-1.00501	1
Foxj3_HT-SELEX_TAAACA20NCAA_AF_ACGGACACAAT_1_4	529	-10.6415113228793	14.6651336462789	-0.725633	1
Foxj3_HT-SELEX_TAAACA20NCAA_AF_RTAAACAA_1_3	466	-19.2964726228072	9.48775569556449	-2.03383	1
Foxj3_HT-SELEX_TAAACA20NCAA_AF_RTAAACAATAAACA_2_4	1564	5.23653100560362	16.2358329402472	0.322529	1
Foxj3_HT-SELEX_TAAACA20NCAA_AF_RTAAACATMAACA_1_4	2392	-14.4167987167012	15.9448822385892	-0.904165	1
FOXJ3_HT-SELEX_TAGTGG20NGTT_AC_RTAAACAA_1_4	466	-17.355504408095	8.90751290056951	-1.94841	1
FOXJ3_HT-SELEX_TAGTGG20NGTT_AC_RTAAACARTAAACA_2_4	2824	-9.16066481310899	17.774893661827	-0.515371	1
FOXJ3_HT-SELEX_TAGTGG20NGTT_AC_RTAAACATAAACA_2_4	1336	-8.98694205868466	16.3151156894783	-0.550835	1
FOXJ3_TBX21_CAP-SELEX_TCCTCC40NCTC_AAE_WAACAACACMY_1_3	2840	-10.5300219799951	11.9483038073125	-0.881298	1
FOXK1_HT-SELEX_GACAG14N_S_CGGACACAAT_2_4	436	-15.3370784366031	13.6060509499023	-1.12722	1
Foxk1_HT-SELEX_TGGGTA20NCG_Q_CGGACACAATC_2_4	529	-17.7875993186566	14.7231764181593	-1.20814	1
Foxk1_HT-SELEX_TGGGTA20NCG_Q_RTAAACA_1_4	346	-9.84555233136089	7.84264671971303	-1.25539	1
FOXL1_HT-SELEX_TGCTCG20NCTC_W_RTAAAYA_1_2	556	-21.8576396681093	8.570956236428	-2.5502	1
FOXL1_HT-SELEX_TGCTCG20NCTC_W_WRTAAAYAAACAA_2_2	4256	-1.272698746934	13.5517067180271	-0.0939143	1
FOXO1_ELF1_CAP-SELEX_TTTCAC40NGTG_AS_NNGAAAACCGAANM_1_2	59776	-16.4595765046849	15.2359828834501	-1.08031	1
FOXO1_ELF1_CAP-SELEX_TTTCAC40NGTG_AS_NTGTTGNCGGAARNN_1_3b1	239104	-15.6441806133724	15.5654657134733	-1.00506	1
FOXO1_ELF1_CAP-SELEX_TTTCAC40NGTG_AS_RWMAACAGGAAGTN_1_2	17024	-11.021376642285	14.3125298680413	-0.770051	1
FOXO1_ELK1_CAP-SELEX_TTCGCT40NCTT_AS_RSCGGATGTTRTN_1_2	14048	-1.01232007199968	12.8951055875848	-0.0785042	1
FOXO1_ELK1_CAP-SELEX_TTCGCT40NCTT_AS_RWYAACAGGAAGYN_1_2	30080	-1.65051665429825	14.5106642649458	-0.113745	1
FOXO1_ELK1_CAP-SELEX_TTCGCT40NCTT_AS_TGTTGCCGGANNN_1_2	27868	-9.47041135765099	13.2704234644425	-0.713648	1
FOXO1_ELK3_CAP-SELEX_TTGGGT40NGGC_AS_RCCGGAWGTKKW_1_2	10591	-16.2491716355527	11.3526922824474	-1.43131	1
FOXO1_ELK3_CAP-SELEX_TTGGGT40NGGC_AS_RTMAACAGGAAGTN_1_2	9568	-7.8730729857849	14.7424848108752	-0.53404	1
FOXO1_ETV1_CAP-SELEX_TCCTGA40NCTC_AS_RCCGGAWGTKKN_1_2	19512	-16.8650691883323	10.451764247303	-1.61361	1
FOXO1_HT-SELEX_TTCAGC20NTA_AF_GTAAACAA_1_3	277	-16.8095818832643	9.48414371794196	-1.77239	1
FOXO1_HT-SELEX_TTCAGC20NTA_AF_GTAAACATGTTTAC_2_3	442	-5.61077370605155	18.1696118035591	-0.3088	1
FOXO1_HT-SELEX_TTCAGC20NTA_AF_TTTCCCCACACG_2_3	631	-9.79966695419103	14.6968805588287	-0.666786	1
FOXO3_HT-SELEX_TGTTGC20NGTG_W_GTAAACATGTTTAC_2_4	442	-6.88044800918437	18.9095996258223	-0.36386	1
FOXO3_HT-SELEX_TGTTGC20NGTG_W_GTAAACAW_1_4	466	-14.6159807489734	10.3085047267145	-1.41786	1
FOXO3_HT-SELEX_TGTTGC20NGTG_W_TTTCCCCACAC_2_4	529	-8.21266333901208	13.7770666045559	-0.596111	1
FOXO4_HT-SELEX_TGACTC20NGA_AC_GTAAACA_1_3	211	-20.2860033803813	8.87707031720576	-2.28521	1
FOXO4_HT-SELEX_TGACTC20NGA_AC_GTAAACATGTTTAC_2_3	442	-8.29007915470035	17.855567297679	-0.464285	1
FOXO4_HT-SELEX_TGACTC20NGA_AC_TTTCCCCACACG_2_3	631	-9.65644640673558	14.0122998248632	-0.689141	1
FOXO6_HT-SELEX_TCGTGT30NGTT_AH_GTAAACA_1_3	211	-20.4489727626092	9.2484180317543	-2.21108	1
FOXO6_HT-SELEX_TCGTGT30NGTT_AH_GTAAACATGTTTAC_2_4	442	-1.38874915104165	17.86306576915	-0.0777442	1
FOXO6_HT-SELEX_TCGTGT30NGTT_AH_TTTCCCCACACRAC_2_4	1564	-9.96755693814726	17.6188663663952	-0.565732	1
FOXP3_HT-SELEX_TCAATT20NTAA_Y_RTAAACA_1_4	346	-15.1755617193229	8.12700763580681	-1.8673	1
GABPA_HT-SELEX_TGGCCC20NCCT_AG_ACCGGAAGTN_1_4	1408	-14.0173668317545	11.6311925331687	-1.20515	1
GATA3_HT-SELEX_TCATGC20NCG_AC_AGATAANN_1_2	2371	-18.2243353898703	7.6537756239982	-2.38109	1
GATA3_HT-SELEX_TGTCGT20NGA_AC_AGATAANN_1_2	2371	-20.5840017611487	7.81266787330641	-2.6347	1
GATA4_HT-SELEX_TAAAAT20NAAA_Y_AGATAANN_1_2	2371	-21.1382690550976	7.81425811023315	-2.70509	1
GATA5_HT-SELEX_TAAATG20NTAA_Y_AGATAANN_1_2	2371	-22.4971915725248	7.92405263518694	-2.8391	1
GBX1_HT-SELEX_TAGTCC20NCG_Y_NNYAATTANN_1_4	41296	-13.5866356440371	9.79070086691941	-1.38771	1
Gbx1_HT-SELEX_TCGGTT20NCG_Q_NNYAATTANN_1_2	41296	-27.8467054702418	8.70131543310675	-3.20029	1
Gbx2_HT-SELEX_TACACC20NCAC_Z_NNYAATTANN_1_3	41296	-23.5268882244251	8.8195778912765	-2.66758	1
GBX2_HT-SELEX_TCCCGA20NGCC_Y_NNYAATTANN_1_3	41296	-17.9030289639529	9.12780125061513	-1.96137	1
GBX2_HT-SELEX_TCCCGA20NGCC_Y_TAATTRNNYAATTA_2_3	16036	-1.75676069669479	15.1632266615483	-0.115857	1
GBX2_HT-SELEX_TGATTT20NGA_AE_NNYAATTANN_1_2	41296	-12.7831165346274	8.31168308805066	-1.53797	1
GCM1_ELF1_CAP-SELEX_TTTCAC40NGTG_AX_GTGCGGGCGGAAGTN_2_3	3448	-11.3148472453143	15.297570881657	-0.73965	1
GCM1_ELF1_CAP-SELEX_TTTCAC40NGTG_AX_NNMGGAARTGCKGGN_1_3	224768	-18.7298210014601	15.4441878810044	-1.21274	1
GCM1_ELF1_CAP-SELEX_TTTCAC40NGTG_AX_NRCCCRNNCGGAAGNN_1_3	1675264	-28.9765385193276	17.1589501082582	-1.68871	1
GCM1_ELK1_CAP-SELEX_TTCGCT40NCTT_AU_RKRNRGGCGGAARCGGAAGNN_2_3	1949696	-8.67397668243647	20.9186695324621	-0.414652	1
GCM1_ELK1_CAP-SELEX_TTCGCT40NCTT_AU_RTGCGGGCGGAAGTN_1_3	6256	-13.4715948236777	15.6312323569071	-0.861838	1
GCM1_ELK3_CAP-SELEX_TTGGGT40NGGC_AU_ACCCGCANCCGGAAGN_2_3	13792	-11.6479975260427	18.7552010378835	-0.621054	1
GCM1_ELK3_CAP-SELEX_TTGGGT40NGGC_AU_RTGCGGGCGGAAGTN_2_3	6256	-12.5072772041268	17.9234198110899	-0.697818	1
GCM1_ETV1_CAP-SELEX_TCCTGA40NCTC_AU_RTRNNGGCGGAAGTN_1_3	127744	-25.2452826190107	15.0203791288449	-1.68074	1
GCM1_ETV4_CAP-SELEX_TCCGTA40NGCC_AX_RTGCGGGCGGAAGTR_2_3	3292	-12.4566418145964	16.5648088808613	-0.751994	1
GCM1_FIGLA_CAP-SELEX_TCGAAC40NGAT_AU_CASSTGNNCCCGCAY_1_2	68096	2.3707120061572	14.8239455575774	0.159924	1
GCM1_FOXI1_CAP-SELEX_TAGTCA40NTCT_AU_NTGTTGATRNGGGN_1_3	59776	-17.1646767662264	14.9664017715173	-1.14688	1
GCM1_FOXI1_CAP-SELEX_TAGTCA40NTCT_AU_RTAAATANGGGNN_1_2	48640	-19.8316541057189	13.5236106671782	-1.46645	1
GCM1_FOXO1_CAP-SELEX_TATGGT40NATA_AU_RTMAATAMGGGYRN_1_3b0	52736	-12.3257583531765	14.4636588646323	-0.852188	1
GCM1_HOXA13_CAP-SELEX_TCCACT40NTGT_AU_RKRNGGGNNATAAA_1_2	181760	-7.62141641757959	14.8560115238331	-0.513019	1
GCM1_HOXB13_CAP-SELEX_TGCGAC40NGGT_AU_RTRNGGGTNNTAAAN_1_2	418816	-14.8647984997557	14.4096567856487	-1.03159	1
GCM1_HT-SELEX_TCCAGT20NGAC_AE_ATGCGGGYRCCCGCAT_2_4	1921	1.42626603104308	16.3243069077494	0.0873707	1
GCM1_HT-SELEX_TCCAGT20NGAC_AE_NATGCGGGTAN_1_4	5632	-23.5868610869454	12.3963671517546	-1.90272	1
GCM1_HT-SELEX_TGAGCA20NCGA_Y_NATGCGGGTA_1_4	1407	-17.3752461261352	11.3307396403017	-1.53346	1
GCM1_ONECUT2_CAP-SELEX_TCCAGG40NTAG_AU_RTGCGGGNNATCGATR_1_3	45184	-16.2768586964536	17.8580172247692	-0.911459	1
GCM1_SOX2_CAP-SELEX_TATGAT40NACA_AX_RTRSGGGNNNATTGTKY_1_3	1028096	-18.3948716447286	18.2077040919207	-1.01028	1
GCM1_TBX21_CAP-SELEX_TCCTAT40NAGA_AU_AGGTGTNRTRCGGGNN_1_3	153088	-16.7361033380411	16.2750637073454	-1.02833	1
GCM2_DRGX_CAP-SELEX_TGAGTG40NTGA_AAB_RTRSGGGNAATTAN_1_3	56192	-14.6984693773157	14.0199117057057	-1.0484	1
GCM2_DRGX_CAP-SELEX_TGAGTG40NTGA_AAB_RTRSGGGNNAATTAN_1_3	224768	-20.1354338873637	14.4833916219132	-1.39024	1
GCM2_ELK1_CAP-SELEX_TGACGA40NGCA_AAB_NNRNGGGCGGAARTN_1_3	418816	-18.9642540523801	15.3934339918811	-1.23197	1
GCM2_EOMES_CAP-SELEX_TGTCGT40NGCG_AAB_RTGCGGGNAGGTGNNN_1_3	288256	-22.3680631915525	16.5101752884698	-1.3548	1
GCM2_FIGLA_CAP-SELEX_TCTCTT40NTCG_AAB_RTRCGGGNNCASSTG_1_3	120320	-9.35169282754594	15.5987655236108	-0.599515	1
GCM2_FOXI1_CAP-SELEX_TGTGTC40NTGG_AAB_RTAAATANGGGNN_1_3	48640	-23.2237211064118	13.4644546347334	-1.72482	1
GCM2_FOXI1_CAP-SELEX_TGTGTC40NTGG_AAB_TGTTKATRCGGGN_1_3	7984	-17.4832134298584	13.4183237880487	-1.30294	1
GCM2_HOXA13_CAP-SELEX_TCTAAT40NAAG_AAB_RTRCGGGTAATAAAN_2_3	11296	-16.3449048200218	17.3402878781544	-0.942597	1
GCM2_HT-SELEX_TGACTC20NTCA_Y_NATGCGGGTN_1_3	4392	-18.0404835834564	10.6362189177211	-1.69614	1
GCM2_PITX1_CAP-SELEX_TCTTTC40NTTG_AAB_RTRCGGGNNGATTA_1_3	31936	-9.62023356024244	14.652649306499	-0.656553	1
GCM2_PITX1_CAP-SELEX_TCTTTC40NTTG_AAB_RTRCGGGSGATTAN_1_3	17024	-17.6828729240023	14.0906350430033	-1.25494	1
GCM2_TBX21_CAP-SELEX_TGTTCA40NCTG_AAB_AGGTGTNNNGSGGGN_1_3	239104	-26.2699620657017	16.1011828430492	-1.63155	1
GLI2_HT-SELEX_TAAGTA40NTGA_AI_GACCACMCACNNNG_1_3	59776	-5.46178457974236	13.4908152937135	-0.404852	1
GLI2_HT-SELEX_TAAGTA40NTGA_AI_GCGACCACNCTG_1_3	2116	-7.23503938357159	13.5596048625598	-0.533573	1
GLIS1_HT-SELEX_TTCGGT20NGA_R_NGACCCCCCACGANGN_2_4	47488	-29.1798463806735	19.4648173075259	-1.49911	1
GLIS2_HT-SELEX_TACTAT20NATC_Y_GACCCCCCGCGNNG_2_3	10096	-15.0482337892435	15.6046653422257	-0.964342	1
GLIS3_HT-SELEX_TCGCAT20NGA_O_GACCCCCCGCGNNG_2_4	10096	-18.9629850096479	17.63130827921	-1.07553	1
GMEB2_HT-SELEX_TCGCGC20NGA_Y_TTACGTAA_1_4	145	-13.7392893432418	9.19658777522985	-1.49396	1
GMEB2_HT-SELEX_TGGATG20NGA_O_TTACGYAM_1_3	606	-13.3647692879019	8.10459577540588	-1.64904	1
GMEB2_HT-SELEX_TGGATG20NGA_O_WRCGTAACCACGYN_1_4	16984	-24.2895386541622	16.6314461477586	-1.46046	1
GMEB2_HT-SELEX_TGGATG20NGA_O_YACGTAACNKACGTA_3_4	10962	-0.666394852868141	16.4963490636443	-0.0403965	1
GRHL1_HT-SELEX_TCCAAC20NTA_Q_AACCGGWNNNWCCGGTT_2_3	90368	-10.8192415745122	17.6330614780949	-0.613577	1
GRHL1_HT-SELEX_TCCAAC20NTA_Q_NAACCGGTTN_1_3	2242	-22.9559466446142	11.5865993758801	-1.98125	1
GRHL1_HT-SELEX_TGGACA20NCAT_W_NAAACCGGTTTN_1_3	3520	-16.9328462422804	13.4785394147184	-1.25628	1
GSC_HT-SELEX_TGGGAC20NGA_AE_NNTAATCCNN_1_3	38688	-24.7880160641057	9.43120202542587	-2.6283	1
GSC2_HT-SELEX_TTAGAA20NTA_AF_NNTAATCCNN_1_3	38688	-21.9380600973221	8.87949972558156	-2.47064	1
GSX1_HT-SELEX_TCACAC20NCG_Y_NNYMATTANN_1_4	70872	-16.6303233078147	7.95747979623576	-2.0899	1
GSX2_HT-SELEX_TCCAAC20NCG_Y_NNYMATTANN_1_3	70872	-14.3247825432973	8.09544340134489	-1.76949	1
HES5_HT-SELEX_TCCACG20NCG_Y_NGGCACGTGCCN_1_4	3520	-16.9648874780191	14.4264373263975	-1.17596	1
HES7_HT-SELEX_AATTC14N_U_NGGCACGTGCCN_1_4	3520	-12.066861957101	14.9842721370831	-0.805302	1
HESX1_HT-SELEX_TCTTCT20NCTG_Z_NNTAATTRNN_1_3	41296	-23.9629807774384	9.40985595893829	-2.54658	1
HESX1_HT-SELEX_TCTTCT20NCTG_Z_NTAATTRGYAATTAN_2_3	34048	-0.902099039918507	17.0861260866266	-0.0527972	1
HEY1_HT-SELEX_TGAAAC20NGA_Y_NNCACGTGNN_1_3	19792	-24.6670266004983	11.0627275874522	-2.22974	1
HEY2_HT-SELEX_TCGATC20NGA_Y_NNCACGTGCC_1_4	3808	-14.3572914670067	10.9860914525083	-1.30686	1
HEY2_HT-SELEX_TCTCAA20NGA_AF_GNCACGTGYN_1_4	6175	-18.5997889166232	10.9620885932046	-1.69674	1
Hic1_HT-SELEX_TCATCA20NCTA_Z_RTGCCANCYNRTGCCMNC_2_4	687104	-16.7223944886677	19.783307023518	-0.845278	1
Hic1_HT-SELEX_TCATCA20NCTA_Z_RTGCCMNCN_1_4	8896	-15.2660634026049	9.60868843118147	-1.58878	1
HIC2_HT-SELEX_TGAGCA20NGA_AC_RTGCCMNNN_1_4	23808	-25.2557659721423	8.52172089459457	-2.96369	1
HINFP1_HT-SELEX_TCAAGG20NGAA_W_CAACGTCCGCNN_2_3	6975	-13.85982691192	12.3843841055282	-1.11914	1
HINFP1_HT-SELEX_TCAAGG20NGAA_W_GCGGACSNNSNNSGTCCGC_2_4	762880	-18.6815316921851	22.6234020390299	-0.825761	1
HLF_HT-SELEX_TAGCCT20NCG_AD_NRTTACGTAAYN_1_3	10552	-17.62732251863	11.1686970420048	-1.57828	1
Hlf_HT-SELEX_TCAATT20NTA_P_NRTTACGTAAYN_1_3	10552	-14.059684468097	12.9103088652131	-1.08903	1
HMBOX1_HT-SELEX_TCCTGG20NCG_Z_NYTAGTTAMN_1_4	11744	-12.7989104301347	9.81950029693649	-1.30342	1
HMX1_HT-SELEX_TCGCCA20NCCT_Z_NNCAMTTAANN_1_4	88576	-21.1174534616901	10.1826351894069	-2.07387	1
HMX2_HT-SELEX_TAGTGG20NCG_Y_NNCAMTTAANN_1_4	88576	-14.824227054051	9.8406749835147	-1.50642	1
HMX3_HT-SELEX_TGCACT30NCAC_AI_NNCAMTTAANN_1_3	88576	-22.1307938846806	8.97992386361939	-2.46447	1
HNF1A_HT-SELEX_TGAGCA20NCGA_W_NRTTAATNATTAACN_1_2	50912	-3.33449842508719	15.3443373956116	-0.217311	1
HNF1B_HT-SELEX_TCGACT20NCAT_W_GTTAATNATTAAY_1_2	3182	-3.96654596223506	14.9240951206813	-0.265781	1
HNF1B_HT-SELEX_TCGACT20NCAT_W_NRTTAATNATTAACN_1_2	50912	-3.00965381672429	15.4893797535542	-0.194304	1
Hnf4a_HT-SELEX_TCCACG20NCG_Z_RRGGTCAAAGTCCRNN_1_4	81152	-15.5473967636844	18.5983316392923	-0.835957	1
HNF4A_HT-SELEX_TCCGTG40NTGC_AI_NRGTCCAAAGTCCANY_1_3	45184	-0.872933064385519	17.4846802705799	-0.0499256	1
HNF4A_HT-SELEX_TCCGTG40NTGC_AI_RRGGTCAAAGGTCA_1_3	2824	-1.0059315788112	17.4999711940986	-0.0574819	1
HNF4A_HT-SELEX_TCCGTG40NTGC_AI_RRGGTCAAAGTCCRNN_1_3	81152	-1.38278125864131	17.6997855650891	-0.0781242	1
HNF4A_HT-SELEX_TCCGTG40NTGC_AI_RRGTCCAAAGGTCAA_1_3	3292	-5.39726019253951	17.2520821255458	-0.312847	1
HNF4A_HT-SELEX_TGACAG20NGA_AF_NRGTCCAAAGTCCANY_1_4	45184	-13.2949969175125	18.0683546422815	-0.735817	1
HNF4A_HT-SELEX_TGACAG20NGA_AF_RRGGTCAAAGTCCRNN_1_4	81152	-24.9387932895737	17.9687898521832	-1.38789	1
HOMEZ_HT-SELEX_TCGATC20NTAT_Y_NAAACGATNNAN_1_4	70912	-22.5729041508283	13.2879981117661	-1.69874	1
HOXA1_HT-SELEX_TGGAAT20NAAT_AF_NNYAATTANN_1_3	41296	-24.6810897924367	8.33353606423248	-2.96166	1
HOXA10_HT-SELEX_TAGGAT30NAGT_AI_NGTCGTWAAANN_1_4	38616	-20.6290347112366	10.8152327270333	-1.90741	1
HOXA10_HT-SELEX_TAGGAT30NAGT_AI_NGYAATWAAAN_1_4	16384	-12.056415832723	10.2145876232449	-1.18031	1
Hoxa11_HT-SELEX_TCCCCT20NCG_Z_NGTCGTWAAANN_1_4	38616	-16.4951050689455	11.7695121541736	-1.40151	1
Hoxa11_HT-SELEX_TCCCCT20NCG_Z_NGYAATWAAAN_1_4	16384	-16.2863348079159	9.19274465205354	-1.77165	1
HOXA13_HT-SELEX_TGTGGA20NGGG_AE_CCAATAAAAN_1_4	1408	-13.5368254342597	10.9737126076644	-1.23357	1
HOXA13_HT-SELEX_TGTGGA20NGGG_AE_NCTCGTAAAAN_1_4	5632	-13.2843017886197	12.5104800590268	-1.06185	1
HOXA13_HT-SELEX_TTCTCT20NTA_AF_CCAATAAAAN_1_3	1408	-11.2457878490623	10.4039903164847	-1.08091	1
HOXA13_HT-SELEX_TTCTCT20NTA_AF_NCTCGTAAAAN_1_3	5632	-15.7363065619166	11.7113811710007	-1.34368	1
Hoxa2_HT-SELEX_TACCGT20NCG_Z_NNYMATTANN_1_3	70872	-18.4967563037472	8.43836027432901	-2.19198	1
HOXA2_HT-SELEX_TTATTA20NTA_AF_NNYMATTANN_1_3	70872	-21.6139706267674	8.31680881085639	-2.59883	1
HOXA3_EOMES_CAP-SELEX_TGCACG40NTTG_AY_TAATKAGGTGNKA_1_2	7984	0.00733975596281851	12.8376998867897	0.000571735	1
HOXB13_HT-SELEX_TGCCTG20NGA_Y_CCAATAAAAN_1_3	1408	-17.0726124075973	11.3180817638688	-1.50844	1
HOXB13_HT-SELEX_TGCCTG20NGA_Y_NCTCGTAAAAN_1_3	5632	-18.1520008441362	12.0196290386774	-1.5102	1
HOXB2_ELF1_CAP-SELEX_TTTAGG40NTCT_AY_SMGGAAGTMRTTA_1_3	7520	-13.7618083472996	13.1012143300755	-1.05042	1
HOXB2_ELF1_CAP-SELEX_TTTAGG40NTCT_AY_TAATKRNNNNGGAAGTN_1_3	2043456	-21.1886629652008	15.4496312837023	-1.37147	1
HOXB2_ELK1_CAP-SELEX_TATGCT40NACT_AY_RSCGGAAGTMRTTA_1_3	9056	-12.6724415384857	15.9061748545785	-0.796699	1
HOXB2_ELK1_CAP-SELEX_TATGCT40NACT_AY_TAATKRCCGGAAGNN_1_3	38272	-21.8148320744345	16.8399180552019	-1.29542	1
HOXB2_EOMES_CAP-SELEX_TCAGCA40NCTC_AY_RGGTGTTAATKN_1_2	6544	-16.6374039185928	10.9624810939297	-1.51767	1
HOXB2_EOMES_CAP-SELEX_TCAGCA40NCTC_AY_TAATKRGGTGYKA_1_3	7520	-13.1098814363122	12.0470085279373	-1.08823	1
HOXB2_ETV1_CAP-SELEX_TGTATA40NGGT_AY_ACCGGAAATGA_2_2	529	-17.7110386408169	13.3405031228157	-1.32761	1
HOXB2_ETV4_CAP-SELEX_TCCGGG40NCTC_AY_ACCGGAAATGAN_2_2	2116	-17.6336165087453	13.5566686740497	-1.30073	1
HOXB2_HOXB13_CAP-SELEX_TGTGCA40NCCG_AY_NNATCATNGTAAA_1_3	27904	-27.9711786011708	14.8422993792294	-1.88456	1
HOXB2_HOXB13_CAP-SELEX_TGTGCA40NCCG_AY_NNCGTAAAATTA_1_3	6976	-17.4893399501664	12.7643330641817	-1.37017	1
HOXB2_HOXB13_CAP-SELEX_TGTGCA40NCCG_AY_NNMATCACATAAAN_1_3	59776	-16.6733583367519	14.3794823970868	-1.15952	1
HOXB2_HT-SELEX_TAACAA20NACA_Y_NNYMATTANN_1_2	70872	-14.9361481308733	7.76782821967093	-1.92282	1
HOXB2_PAX1_CAP-SELEX_TGAACT40NAAG_AY_NNGTCACGNNTCATTNN_1_3	2166784	-42.3283965847961	18.1191564214552	-2.33611	1
HOXB2_PAX1_CAP-SELEX_TGAACT40NAAG_AY_NNMATTAGTCACGCWTSRNTG_2_3	1064960	-8.27045407291965	20.8713870034067	-0.396258	1
HOXB2_PAX5_CAP-SELEX_TGGTAT40NTGA_AY_NNGTCACGCNNCATTAN_1_2	646144	-21.2837278628174	16.4891411126926	-1.29077	1
HOXB2_PAX5_CAP-SELEX_TGGTAT40NTGA_AY_NNMATTAGTCACGCWTSRNTG_2_3	1064960	-11.8670996208016	20.5232108922025	-0.578228	1
HOXB2_PAX9_CAP-SELEX_TTAAAT40NAAT_AY_NNMATTAGTCACGCWTSRNTG_2_3	1064960	-8.18142093938509	21.1759409101206	-0.386355	1
HOXB2_PAX9_CAP-SELEX_TTAAAT40NAAT_AY_SGTCACGCNTCATTNN_1_3	85504	-32.1970937018809	17.5799945085077	-1.83146	1
HOXB2_RFX5_CAP-SELEX_TGCTCT40NTTA_AY_TAATKRNNNNGCAAC_1_2	418816	-5.24101865685563	15.1480022986399	-0.345987	1
HOXB2_RFX5_CAP-SELEX_TGCTCT40NTTA_AY_TAATKRNNNNNGCAAC_1_2	1675264	-19.7326932885026	15.5171955740154	-1.27167	1
HOXB2_TBX21_CAP-SELEX_TGTAGC40NCCT_AY_NAGGTGNTAATKR_1_2	26176	-2.91681472082466	13.0488722488601	-0.22353	1
HOXB2_TBX21_CAP-SELEX_TGTAGC40NCCT_AY_TAATKRGGTGYKA_1_3	7520	-2.90235323032637	12.1266685678099	-0.239336	1
HOXB2_TBX3_CAP-SELEX_TGGCTA40NTCC_AY_AGGTGTTAATKN_1_2	3736	-14.4469131135801	13.0176222992186	-1.1098	1
HOXB3_HT-SELEX_TACATT20NTAC_Y_NNYMATTANN_1_3	70872	-26.576152318256	7.96500607152697	-3.33661	1
HOXB5_HT-SELEX_TCTTGA20NGTG_Z_NNYMATTANN_1_3	70872	-21.1605913281631	7.30848236273517	-2.89535	1
Hoxc10_HT-SELEX_TATAGA20NGAG_Z_GTCGTWAAAN_1_4	2415	-17.3444996321562	10.9848815836803	-1.57894	1
Hoxc10_HT-SELEX_TATAGA20NGAG_Z_GYAATWAAAN_1_4	4095	-16.4178240785993	10.8560110268623	-1.51233	1
HOXC10_HT-SELEX_TGGACA20NGA_Y_CCCATWAAAN_1_3	2416	-18.000485602614	9.6392243701202	-1.86742	1
HOXC10_HT-SELEX_TGGACA20NGA_Y_GTAATWAAAN_1_3	2415	-11.3389661897335	9.58842581420194	-1.18257	1
HOXC10_HT-SELEX_TGGACA20NGA_Y_GTCGTWAAAN_1_3	2415	-19.4194658639897	10.318501173528	-1.882	1
HOXC11_HT-SELEX_TCACTA20NTCA_AC_NGTCGTWAAAN_1_4	9664	-12.8288679441305	10.8228148770543	-1.18535	1
HOXC11_HT-SELEX_TCACTA20NTCA_AC_NGYAATWAAAN_1_4	16384	-12.2978162754482	9.82737211935874	-1.25138	1
HOXC11_HT-SELEX_TGCGAA20NGA_AF_NGTCGTWAAAN_1_4	9664	-19.0798716811687	11.5980918799712	-1.64509	1
HOXC11_HT-SELEX_TGCGAA20NGA_AF_NGYAATWAAAN_1_4	16384	-18.549081611984	10.3078412897452	-1.79951	1
HOXC12_HT-SELEX_TCATGC20NGTA_Y_GYAATAAAA_1_4	604	-11.4777569847663	10.5599869998238	-1.08691	1
HOXC12_HT-SELEX_TCATGC20NGTA_Y_NGTCGTAAAAN_1_4	5632	-19.7117457402288	12.4839838799087	-1.57896	1
HOXC13_HT-SELEX_TCCCTC20NTCC_Y_CCAATAAAAN_1_3	1408	-14.771528161051	11.1579117070822	-1.32386	1
HOXC13_HT-SELEX_TCCCTC20NTCC_Y_NCTCGTAAAAN_1_3	5632	-16.0636081951906	12.2640296585829	-1.30981	1
HOXD11_HT-SELEX_TCCGGC20NGGC_Y_GTCGTWAAAN_1_4	2415	-14.2552065832594	11.0850691122464	-1.28598	1
HOXD11_HT-SELEX_TCCGGC20NGGC_Y_NGYAATAAAA_1_4	2415	-1.04838364850992	9.35999823776896	-0.112007	1
HOXD12_ELK1_CAP-SELEX_TTCGCT40NCTT_AAB_NRSCGGAAGNNGTAAAN_1_2	612352	-24.0581588873243	18.4368494361393	-1.3049	1
HOXD12_ELK1_CAP-SELEX_TTCGCT40NCTT_AAB_RSCGGAAGTAATAAAN_1_3	13168	-11.8809238206121	18.1663248608743	-0.654008	1
HOXD12_ELK3_CAP-SELEX_TTGGGT40NGGC_AAB_NTTTAYNNCCGGAARNN_1_2	2043232	-19.6457211752005	16.6744452325226	-1.17819	1
HOXD12_ELK3_CAP-SELEX_TTGGGT40NGGC_AAB_RSCGGAAGTAATAAAN_1_2	13168	-7.76311898846533	16.8564576167525	-0.460543	1
HOXD12_ELK3_CAP-SELEX_TTGGGT40NGGC_AAB_RSCGGAAGTCGTAAAN_1_2	13168	-8.78099863895129	16.7467311934937	-0.524341	1
HOXD12_EOMES_CAP-SELEX_TGAGTC40NAAC_AAB_TMRCACCTCRTWAA_2_3	9056	-9.15497899319768	14.5271354878695	-0.630198	1
HOXD12_ETV1_CAP-SELEX_TCCTGA40NCTC_AAB_RSCGGAAGTAATAAAN_1_3	13168	-12.5036420591229	19.3984110593502	-0.64457	1
HOXD12_ETV1_CAP-SELEX_TCCTGA40NCTC_AAB_RSCGGAAGTNGTAAAN_1_3	45184	-19.695946106495	18.7889145658614	-1.04827	1
HOXD12_ETV4_CAP-SELEX_TCCGTA40NGCC_AAB_RSCGGAAGTAATAAAN_1_3	13168	-14.693869058481	19.394554564272	-0.757629	1
HOXD12_ETV4_CAP-SELEX_TCCGTA40NGCC_AAB_RSCGGAAGTCGTAAAN_1_3	13168	-17.2344747304223	19.6895448420043	-0.875311	1
HOXD12_HT-SELEX_TCAGTC20NCG_Y_GTAATAAAA_1_4	352	-12.061117008196	10.5601281618885	-1.14214	1
HOXD12_HT-SELEX_TCAGTC20NCG_Y_NGTCGTAAAAN_1_4	5632	-18.4360869097349	12.3152679518917	-1.49701	1
HOXD12_TBX21_CAP-SELEX_TCCTAT40NAGA_AAB_AGGTGTKAAGTCGTAAA_2_2	2356	-6.31483227908141	18.9250921459177	-0.333675	1
HOXD12_TBX21_CAP-SELEX_TCCTAT40NAGA_AAB_YNRCACSTCGTWAA_1_2	30080	-16.6455810728805	13.6769120739779	-1.21706	1
HOXD13_HT-SELEX_GTGCT14N_U_CYAATAAAAN_1_4	2415	-15.7425021337633	10.8570347612055	-1.44998	1
HOXD13_HT-SELEX_GTGCT14N_U_NCTCGTAAAAN_1_4	5632	-16.7242463130378	12.6600645195865	-1.32102	1
Hoxd13_HT-SELEX_TGATAA20NATA_AC_CCAATAAAAN_1_4	1408	-18.1964806149782	10.4750903836371	-1.73712	1
Hoxd13_HT-SELEX_TGATAA20NATA_AC_NCTCRTAAAAN_1_4	9664	-19.4766146143551	10.7504489744052	-1.8117	1
Hoxd3_HT-SELEX_TGCCAT20NCG_P_NNYAATTANN_1_4	41296	-11.5894757383728	7.68292687821988	-1.50847	1
HOXD8_HT-SELEX_TCATAT20NATA_Y_NNTAATTANN_1_4	19792	-6.41830686296798	7.80985861038058	-0.821821	1
Hoxd9_HT-SELEX_TCCTAA20NCG_Z_CCCATAAAN_1_4	1108	-16.5473138831993	9.01120142677449	-1.8363	1
Hoxd9_HT-SELEX_TCCTAA20NCG_Z_GTAATWAAAN_1_4	2415	-14.063644783874	9.82551618082329	-1.43134	1
Hoxd9_HT-SELEX_TCCTAA20NCG_Z_GTCGTAAAN_1_4	1108	-14.4360518792174	9.32776522943439	-1.54764	1
HSF1_HT-SELEX_TACCAC20NACC_AA_TTCTAGAANNTTC_1_3	8464	-14.6045551558328	15.4388647489374	-0.94596	1
HSF1_HT-SELEX_TATAGA20NGAG_Y_TTCTAGAANNTTC_1_3	8464	-2.72039338742026	13.5693262303293	-0.200481	1
HSF2_HT-SELEX_TGGGGT20NCG_V_TTCTAGAANNTTC_1_3	8464	-16.0655972823367	15.1127739978788	-1.06305	1
HSF4_HT-SELEX_TATCAT20NACG_Y_TTCTAGAANNTTC_1_3	8464	-1.85182040529584	13.5353329958706	-0.136814	1
HSFY2_HT-SELEX_TCAGAG20NAGA_Y_TTCGAANNNTTCGAA_1_3	20192	-4.68705784160987	14.4110568738569	-0.32524	1
HSFY2_HT-SELEX_TCAGAG20NAGA_Y_TTCGAANNNTTCGAA_2_3	20192	2.49039550404868	14.2911356231786	0.174262	1
HSFY2_HT-SELEX_TCAGAG20NAGA_Y_WTTCGAAYG_1_3	1024	-12.9550601015776	10.298485861372	-1.25796	1
ID4_HT-SELEX_CTACA14N_U_NRCACCTGNN_1_4	20376	-20.5773809152801	10.0874260972317	-2.0399	1
IRF3_HT-SELEX_TCCTAA40NATC_AI_NNRRAAAGGAAACCGAAACTN_2_3	314368	1.90136876327676	22.0222478411642	0.0863385	1
IRF4_HT-SELEX_TCAAGG20NCG_AD_NCGAAACCGAAACYN_1_3	21376	-4.89618019575592	18.4024053357704	-0.266062	1
IRF5_HT-SELEX_TAACAA20NCG_AD_CCGAAACCGAAACY_2_3	1564	-7.32880518061034	15.9484596947084	-0.459531	1
IRF5_HT-SELEX_TAACAA20NCG_AD_NACCGAAACYN_1_3	9664	-18.2547241797731	12.1972859788274	-1.49662	1
IRF7_HT-SELEX_TATCGC20NGCG_AC_NCGAAANYGAAACY_1_3	31936	-17.7534163400676	15.360910221454	-1.15575	1
IRF7_HT-SELEX_TATCGC20NGCG_AC_RAANCGAAAWTCGNTTY_1_3	88064	-1.67593085473348	17.6262518098774	-0.0950815	1
IRF8_HT-SELEX_TCCCCT20NCCC_AE_NCGAAACCGAAACT_1_4	2968	-13.1655265966871	17.4298566628114	-0.755343	1
IRF8_HT-SELEX_TGGCGG20NGCT_Z_NCGAAACCGAAACY_1_3	5344	-9.33331162765048	16.4513141104171	-0.567329	1
IRF9_HT-SELEX_TATGTT20NTGG_W_AWCGAAACCGAAACY_1_3	3292	-10.4938115199762	19.3180494366849	-0.543213	1
IRX2_HT-SELEX_TGCATC30NTAC_AI_NWACAYRACAWN_1_4	60416	-0.162799038952181	10.9940008220946	-0.014808	1
Irx3_HT-SELEX_TACTGC20NCG_Z_NWACATGAMAWN_1_4	35840	-20.8611636078151	13.0682169137685	-1.59633	1
IRX5_HT-SELEX_TAAGGT20NTA_Q_NWACAYRACAWN_1_3	60416	0.237710512406057	10.3643441314352	0.0229354	1
ISL2_HT-SELEX_TCTAAT30NAAG_AI_GCACTTAA_1_4	277	-2.24203936646609	8.38732470943024	-0.267313	1
ISX_HT-SELEX_TATTTA20NCG_Y_NTAATYTAATTAN_1_3	13504	-7.36180972865869	14.9354525807185	-0.492908	1
ISX_HT-SELEX_TATTTA20NCG_Y_NYAATTAN_1_2	2596	-25.9582174618931	8.62248983787424	-3.01052	1
ISX_HT-SELEX_TGAGTG20NTGA_AE_NYAATTAN_1_2	2596	-20.8267615253079	8.47745358903734	-2.45672	1
Jdp2_HT-SELEX_TATCTG20NCG_Z_ATGASTCAT_1_3	302	-11.6861056541599	11.9310606408795	-0.979469	1
Jdp2_HT-SELEX_TATCTG20NCG_Z_NATGACGTCAYN_1_3	8512	-11.4335580233668	14.364962600568	-0.795934	1
JDP2_HT-SELEX_TCCTTT20NTTC_AC_ATGASTCAT_1_4	302	-16.0107837442583	11.4853941585293	-1.39401	1
JDP2_HT-SELEX_TCCTTT20NTTC_AC_NATGACGTCAYN_1_4	8512	-12.8121362089684	14.6639032454999	-0.873719	1
JDP2_HT-SELEX_TGTTCA20NGA_AE_ATGASTCAT_1_3	302	-9.03811902724947	11.748424250473	-0.769305	1
JDP2_HT-SELEX_TGTTCA20NGA_AE_NATGACGTCAYN_1_3	8512	-13.2656797206873	14.123978167948	-0.939231	1
Klf12_HT-SELEX_TGATGG20NGA_Z_GRCCACGCCCWNNNN_2_4	418648	-15.4898178767436	14.8712631567212	-1.04159	1
KLF14_HT-SELEX_TTGGGA20NTA_AF_NGCCACGCCCMCNT_2_3	18016	-16.1282092729243	14.8744319980784	-1.08429	1
KLF16_HT-SELEX_TTGATT20NTA_AF_GCCMCGCCCMC_1_4	1636	-16.2268957663952	12.4297008433135	-1.30549	1
LBX2_HT-SELEX_TAATTC20NTTA_Y_AATTGGCCAATTA_2_4	742	-16.0649896010561	5.66156275011619	-2.83755	1
LBX2_HT-SELEX_TAATTC20NTTA_Y_NNYAATTANN_1_2	41296	-12.3567197141167	8.3422954184148	-1.48121	1
LEF1_HT-SELEX_TCCCGA20NGCC_AC_AAAGATCAAAGGRWW_2_4	5960	-10.0522254405028	16.4531294331245	-0.610961	1
LHX2_HT-SELEX_TCCAGT30NGAC_AI_NCTAATTANN_1_4	10018	-26.5520925699812	9.7816680369863	-2.71447	1
LHX2_HT-SELEX_TCCAGT30NGAC_AI_YAATTANNCTAATTR_2_4	30320	3.38142840055651	16.2758744095904	0.207757	1
Lhx4_HT-SELEX_TAAATG20NTAA_Z_NTAATTAN_1_3	1252	-22.1068235884771	8.39435954918718	-2.63353	1
LHX6_HT-SELEX_TCGGGG20NGGT_AF_NYTAATTARN_1_4	6220	-22.8231661359331	10.2695110790049	-2.22242	1
LHX6_HT-SELEX_TCGGGG20NGGT_AF_TAATTAGYRYTRATTA_2_4	10388	-10.8683625713185	18.3164256930636	-0.593367	1
LHX6_HT-SELEX_TCGGGG20NGGT_AF_YRATTGCAATYR_2_4	3094	-21.805601376039	15.1115478423743	-1.44298	1
Lhx8_HT-SELEX_TGCTCG40NCTC_AI_NTAATTAN_1_3	1252	-24.1657535247739	8.2398248892929	-2.9328	1
Lhx8_HT-SELEX_TGCTCG40NCTC_AI_NTAATTANNNNTAATTAN_1_3	1292896	-1.90869370411706	15.4271434116595	-0.123723	1
Lhx8_HT-SELEX_TGCTCG40NCTC_AI_TRATTGCAATYA_1_3	1015	2.84737673565612	14.7966694313991	0.192434	1
LHX9_HT-SELEX_TATTGT20NGTG_Y_NYAATTAN_1_2	2596	-20.7820503286943	7.67658846586981	-2.7072	1
LHX9_HT-SELEX_TATTGT20NGTG_Y_TAATTRCYAATTA_1_3	2128	-3.47346047989713	15.2740541875639	-0.227409	1
LMX1A_HT-SELEX_TCTGGT20NGGG_Z_NTAATTAN_1_3	1252	-4.38641195883845	8.65671734189593	-0.506706	1
LMX1B_HT-SELEX_TCGGAA20NAGT_AE_NYAATTAN_1_3	2596	-12.6043972382797	7.92591217443854	-1.59028	1
LMX1B_HT-SELEX_TGAGGC20NGGA_Z_NYAATTAN_1_2	2596	-5.17264421461526	7.73232749896027	-0.668963	1
Mafb_HT-SELEX_TCGTTA20NTTT_AA_NNNNTGCTGACN_1_3	213148	-10.72015518222	11.7572912016283	-0.911788	1
Mafb_HT-SELEX_TCGTTA20NTTT_AA_NNTGCTGASTCAGCANN_2_4	171008	-1.88477003897679	15.9788686865439	-0.117954	1
Mafb_HT-SELEX_TCGTTA20NTTT_AA_NNYGCTGACGTMAGCANN_2_4	594744	1.64075774878462	17.7236221208113	0.0925746	1
MAFF_HT-SELEX_TGGAAT20NAAT_Z_NTGCTGASTCAGCAN_2_4	10688	-10.1240617037855	17.4114991874215	-0.581458	1
MAFK_HT-SELEX_TGCCTG30NTCC_AI_NNNNNTGCTGAN_1_2	626200	-30.8444356107024	11.1004847935058	-2.77866	1
MAFK_HT-SELEX_TTAAAG20NTA_AE_NNNNNTGCTGAN_1_3	626200	-31.0599600064976	11.505301803997	-2.69962	1
MAFK_HT-SELEX_TTAAAG20NTA_AE_NTGCTGANTCAGCRN_2_3	50912	-0.609083349266723	14.8116114742766	-0.041122	1
MAX_HT-SELEX_TGACCT20NGA_Y_CACGTGNNNNNCACGTG_1_3	323072	-0.946149130529211	17.8209107912887	-0.0530921	1
MAX_HT-SELEX_TGACCT20NGA_Y_NNCACGTGNN_1_2	19792	-24.0326525437548	10.0525077923641	-2.39071	1
MEF2A_HT-SELEX_TAATAG20NTA_Q_KCTAWAAATAGM_1_3	3358	-12.4539133218054	13.9527113746574	-0.89258	1
MEF2B_HT-SELEX_TCGTAC20NATT_AE_RCTAWAAATAGM_1_4	3454	-14.8327835413368	14.3521071059956	-1.03349	1
MEF2D_HT-SELEX_TGCGTT20NGA_Y_NCTAWAAATAGM_1_3	6356	-18.5586352201239	14.0170567645193	-1.324	1
MEIS1_DLX3_CAP-SELEX_TAAAGC40NGAA_AT_TGACANSNTAATTG_1_3	18016	-18.1443923098625	15.15330637378	-1.19739	1
MEIS1_HT-SELEX_TGACCT20NGA_O_NTGACAN_1_6	1280	-28.9423985675513	7.19100789280716	-4.0248	1
Meis2_HT-SELEX_TCAAAA20NTA_P_NTGACAN_1_3	1280	-24.9065766177359	7.70695991104962	-3.2317	1
Meis2_HT-SELEX_TCAAAA20NTA_P_TGACAGSTGTCA_2_3	805	4.21259697822589	13.9849750330487	0.301223	1
MEIS2_HT-SELEX_TCGCTG20NGA_AA_TTGACAGS_1_3	466	-17.0608919260258	9.41477678939525	-1.81214	1
MEIS2_HT-SELEX_TCGCTG20NGA_AA_TTGACAGSTGTCAA_2_4	1126	-10.1053319011259	17.7992255184065	-0.56774	1
Meis3_HT-SELEX_TGGACA20NGA_AF_NTGACAN_1_2	1280	-23.3742804430719	7.50265940682099	-3.11547	1
Meis3_HT-SELEX_TGGACA20NGA_AF_TGACAGSTGTCA_2_3	805	2.40829975471584	15.034279334884	0.160187	1
MEIS3_HT-SELEX_TGGGTA20NGA_Y_NTGACAGN_1_2	2464	-18.2803234861169	8.53873274303322	-2.14087	1
MEIS3_HT-SELEX_TGGGTA20NGA_Y_TGACAGSTGTCA_2_2	805	2.71370195271259	14.5417247659646	0.186615	1
MEOX1_HT-SELEX_TACCTA20NCG_W_NSTAATTANN_1_4	15436	-21.140695443529	9.32834548904134	-2.26629	1
Meox2_HT-SELEX_TACGTC20NTGC_Z_NTAATKAN_1_4	2596	-15.8784704700257	7.57565414941565	-2.09599	1
MEOX2_HT-SELEX_TAGTTT30NTTT_AI_NSTAATTANN_1_3	15436	-4.68873577804527	8.59047864919377	-0.545806	1
MEOX2_HT-SELEX_TAGTTT30NTTT_AI_NTAATTANNNTAATTAN_1_4	323072	2.27587623361265	17.1358019095209	0.132814	1
MEOX2_HT-SELEX_TAGTTT30NTTT_AI_NTMATCATCATTAN_1_4	17324	-0.238281384447704	15.8777272681452	-0.0150073	1
MESP1_HT-SELEX_TACCCG20NCG_Y_NNCACCTGNN_1_3	34336	-24.3518276614835	9.4108633026736	-2.58763	1
MGA_HT-SELEX_TAGGGC20NGGT_Y_AGGTGTGA_1_3	277	-8.30765443948845	9.85497636649532	-0.842991	1
MGA_HT-SELEX_TAGGGC20NGGT_Y_AGGTGTKANNTMACACCT_2_3	30460	-4.25261575382047	20.4329617541289	-0.208125	1
MGA_HT-SELEX_TAGGGC20NGGT_Y_GGYGTGANNNNTCACRCC_2_3	361792	-12.983430630436	19.9169770915788	-0.651878	1
MIXL1_HT-SELEX_TGATTT20NTTA_AE_NNYAATTANN_1_3	41296	-14.805738298637	7.87892748855138	-1.87916	1
MLX_HT-SELEX_CATAT14N_S_ATCACGTGAT_2_4	226	-11.5484216295901	12.3079567197582	-0.938289	1
Mlx_HT-SELEX_CCTGG14N_T_ATCACGTGAT_2_3	226	-18.3629198800803	12.0740477805848	-1.52086	1
MLXIPL_HT-SELEX_TGTAAA20NAAG_AE_ATCACGTGAT_2_3	226	-13.355862216134	11.3207956071557	-1.17976	1
MNT_HT-SELEX_TCTTCT20NGA_Y_NNCACGTGNN_1_3	19792	-19.1301596986375	9.7091775627249	-1.97032	1
MNX1_HT-SELEX_TGGTGA20NGTT_Z_NNYAATTANN_1_4	41296	-18.9335143647754	9.0081624036838	-2.10182	1
MSC_HT-SELEX_TAGTCC20NCTT_AA_AACAGCTGTT_1_4	226	-7.8035586365005	12.6476559293654	-0.616996	1
MSX1_HT-SELEX_TGCGAA30NAGC_AI_NYAATTAAAANNYAATTA_2_3	210688	1.09716388621625	18.2002820439379	0.0602828	1
MSX1_HT-SELEX_TGCGAA30NAGC_AI_NYAATTAN_1_3	2596	-24.8177440243413	8.47550938876303	-2.92817	1
MSX1_HT-SELEX_TGCTTA20NGA_AE_NYAATTAN_1_3	2596	-22.3990287049064	8.2146838720634	-2.72671	1
MSX2_HT-SELEX_TGCGGG20NGA_W_NYAATTAAAANNYAATTA_2_3	210688	-14.7579705755638	19.6049450850821	-0.752768	1
MSX2_HT-SELEX_TGCGGG20NGA_W_NYAATTAN_1_3	2596	-22.6037003796612	8.83083510526291	-2.55963	1
Msx3_HT-SELEX_TCGACT20NCAT_AA_NYAATTAAAANNYAATTA_2_3	210688	-13.5132213612518	18.5703715156028	-0.727676	1
Msx3_HT-SELEX_TCGACT20NCAT_AA_NYAATTAN_1_3	2596	-16.3629924856094	8.43129580602291	-1.94074	1
MTF1_HT-SELEX_TGATCC20NCTA_Y_TTTGCACACGNCAC_2_4	2968	-5.86981335048519	17.6676945274782	-0.332234	1
MYBL1_HT-SELEX_TTGCGT20NTA_AF_ACNGTTAAACNG_1_4	6975	-19.1140663260989	12.493063124411	-1.52997	1
MYBL1_HT-SELEX_TTGCGT20NTA_AF_NCCGTTAACGGN_1_4	3520	-21.1886547134485	13.6363525524376	-1.55384	1
MYBL1_HT-SELEX_TTGCGT20NTA_AF_NNAACCGTTNN_1_4	44288	-17.055160798927	10.8024112221872	-1.57883	1
MYBL1_MAX_CAP-SELEX_TCCTTG40NGGT_AX_NCACGTGNNYAACSGNN_1_2	2043136	-13.4555660960446	15.7809652720494	-0.852645	1
MYBL2_HT-SELEX_TGAGTG20NGA_AC_AACCGTTAACGGNN_1_3	9046	-15.6603286076961	14.9875527703218	-1.04489	1
MYBL2_HT-SELEX_TGAGTG20NGA_AC_ACCGTTARRACCGTTA_2_3	3796	2.5251173372749	18.7972683286673	0.134334	1
MYBL2_HT-SELEX_TGAGTG20NGA_AC_NNAACCGTTNN_1_3	44288	-16.7475213759463	10.8329414846015	-1.54598	1
MYBL2_HT-SELEX_TGAGTG20NGA_AC_RACCGTTAAACNGYY_1_3	19316	-6.20349542883344	15.9239913862058	-0.389569	1
MYF6_HT-SELEX_TGACTC20NTCA_AF_AACAVBTGTT_1_4	1342	-16.2989410724043	12.3306105579903	-1.32183	1
NEUROD2_HT-SELEX_TGACCT20NGA_AE_NNCATATGNN_1_4	19792	-45.6942385208971	10.1234792896473	-4.51369	1
NEUROG2_HT-SELEX_TCGCTG20NTCT_Z_RACATATGTY_1_3	670	-9.56725395028817	11.3398714017196	-0.843683	1
NEUROG2_HT-SELEX_TGGCGG20NGA_AE_RACATATGTY_1_4	670	-13.162522385666	11.8770085277257	-1.10824	1
NFAT5_HT-SELEX_TGATAA20NGA_AA_RTGGAAAANTMCNN_1_3	104060	-21.7402978830066	15.7246421507261	-1.38256	1
NFATC1_HT-SELEX_TTCGTA20NTGC_AE_NATGGAAANWWWWTTTYCMN_2_4	3063808	-17.1929119571513	19.7004195232683	-0.872718	1
NFATC1_HT-SELEX_TTCGTA20NTGC_AE_TTTCCAYNRTGGAAA_2_4	5648	-8.47280073378015	17.4156261706693	-0.486506	1
NFATC1_HT-SELEX_TTCGTA20NTGC_AE_TTTTCCATGGAAAA_2_4	442	-7.84966523893486	17.2571052474768	-0.454866	1
NFE2_HT-SELEX_TGTAGG20NGA_AC_NATGASTCATN_1_4	4832	-23.8039614628806	13.1619900618413	-1.80854	1
NFIA_HT-SELEX_TACGTC20NTGC_AA_TTGGCANNNTGCCAR_2_3	50912	-11.724230852019	16.012551430778	-0.73219	1
NFIB_HT-SELEX_TCATCA20NCG_AD_TTGGCANNNTGCCAR_2_3	50912	-4.91947084901053	16.1223973086881	-0.305133	1
NFIL3_HT-SELEX_TAGACG20NCG_Y_NRTTACRTAAYN_1_2	24760	-10.2169860708839	11.0872265956	-0.92151	1
NFIX_HT-SELEX_TCAACC20NCG_AC_YTGGCNNNNTGCCAA_2_3	204032	-7.85848990367096	14.1830009402517	-0.554078	1
NFKB1_HT-SELEX_TCTCAA20NGA_AA_NGGGGAWTCCCCN_2_3	7472	-13.1629535641904	16.2151707868727	-0.811768	1
NFKB2_HT-SELEX_TTCAAT20NGA_R_NGGGGAWTCCCCN_2_3	7472	-6.75510565902347	14.6734054779161	-0.460364	1
NHLH1_HT-SELEX_TGATGG20NGTA_W_CGCAGCTGCG_1_4	226	-15.5473611424761	11.796845115263	-1.31793	1
NHLH1_HT-SELEX_TGGGCG20NGA_W_CGCAGCTGCG_1_4	226	-10.3070213209889	12.1594282581978	-0.847657	1
NKX2-3_HT-SELEX_TGCTAC20NGA_Y_NCCACTTRAN_1_4	7416	-17.881706678337	10.4660057612532	-1.70855	1
NKX2-3_HT-SELEX_TGGAAT20NGA_AE_NCCACTTRAN_1_4	7416	-23.0874382964782	9.90578890394467	-2.3307	1
NKX2-8_HT-SELEX_TAGGCA20NCG_Y_NCACTTNAN_1_4	9856	-16.7547864095847	8.25447066464792	-2.02978	1
NKX2-8_HT-SELEX_TGTTGC20NGTG_AE_NCACTTNAN_1_4	9856	-28.0254057083145	8.8507504269689	-3.16644	1
NKX3-1_HT-SELEX_TCCCTC20NCG_AD_NCCACTTAA_1_3	1108	-14.8156377038438	9.97519802521239	-1.48525	1
Nkx3-1_HT-SELEX_TCTTAG20NATG_AA_NCCACTTAA_1_4	1108	-20.3832760652007	10.2637227867316	-1.98595	1
NKX3-2_HT-SELEX_TCCAGT20NGAC_Y_NCCACTTAA_1_3	1108	-12.8762108335503	9.73804640180148	-1.32226	1
Nkx6-1_HT-SELEX_TCGTGT20NGTT_AC_NYMATTAN_1_2	4446	-23.1319675788179	7.58605327507942	-3.04928	1
NKX6-1_HT-SELEX_TGAAAC20NAAA_W_NYMATTAN_1_4	4446	-18.2597147162953	8.49741735013282	-2.14885	1
NKX6-1_HT-SELEX_TGCGGG30NGGC_AI_NYMATTAN_1_3	4446	-26.4032067918223	8.48755136131083	-3.11082	1
NKX6-2_HT-SELEX_TGGCAA20NGA_AE_NYMATTAN_1_3	4446	-15.8913861340604	7.57033174259622	-2.09917	1
NKX6-2_HT-SELEX_TTACAT20NTA_AF_NYMATTAN_1_3	4446	-27.0027587758331	7.79132558947282	-3.46575	1
NOTO_HT-SELEX_TGCGTT30NTGC_AI_NYTMATTANN_1_4	27504	-26.5312928513874	9.14089951236174	-2.90248	1
NR2C2_HT-SELEX_TCGACT20NCAT_Z_RRGGTCAAAGGTCA_2_3	2824	-1.47718161725173	16.0210473647229	-0.0922026	1
NR2E1_HT-SELEX_TAACAA20NACA_W_AAAAGTCAA_1_4	352	-15.4410049356543	10.5805219382586	-1.45938	1
NR2E1_HT-SELEX_TAACAA20NACA_W_RAGTCAANAAGTCA_1_4	5344	-10.1741109637701	15.2356386043992	-0.667784	1
Nr2e1_HT-SELEX_TCGCGC20NGCT_AA_AAAAGTCAA_1_4	352	-16.2213835342706	10.5357291272317	-1.53965	1
Nr2e1_HT-SELEX_TCGCGC20NGCT_AA_RAGTCAANAAGTCA_2_4	5344	-14.2928199137873	15.9838440382693	-0.894204	1
NR2F1_HT-SELEX_TCTGAC20NGA_AE_RRGGTCAN_1_4	2202	-19.0991026701092	8.98718458839103	-2.12515	1
NR2F1_HT-SELEX_TCTGAC30NAGG_AI_NRGGTCANNGGTCAN_1_4	239104	-10.4334993766214	17.6952096133724	-0.589623	1
NR2F1_HT-SELEX_TCTGAC30NAGG_AI_RRGGTCANNNGGTCAN_1_4	510976	-5.98557000903414	18.0828291342897	-0.331008	1
Nr2f6_HT-SELEX_TAGTTT20NCG_Z_RRGGTCAAAAGGTCA_2_4	3292	-7.9794570860459	19.1771307810228	-0.416092	1
Nr2f6_HT-SELEX_TAGTTT20NCG_Z_RRGGTCAAAGGTCA_2_4	2824	-11.3455816426735	17.9799845614637	-0.631012	1
NR2F6_HT-SELEX_TCTTGA20NGA_AE_RRGGTCAAAGGTCA_2_3	2824	-2.30683112834204	16.5939363727096	-0.139017	1
NR2F6_HT-SELEX_TGTGGA20NGA_Y_RRGGTCAAAAGGTCA_2_3	3292	-10.0518535983853	18.6495351823279	-0.538987	1
NR2F6_HT-SELEX_TGTGGA20NGA_Y_RRGGTCAAAGGTCA_2_3	2824	-14.1320698482625	17.864966968712	-0.791049	1
NR3C1_HT-SELEX_TGACGA20NGCA_AG_NRGWACANNNTGTWCYN_2_4	3137536	-24.1456172560037	16.3921786624202	-1.473	1
NR4A2_HT-SELEX_TCATTG20NTTA_W_AGGTCANNNNNTGACCT_2_4	323072	-8.39153203305547	17.3175345050175	-0.484569	1
NR4A2_HT-SELEX_TCATTG20NTTA_W_TGACCTTTAAAGGTCA_2_4	577	-4.41874122019936	21.062442406148	-0.209792	1
NR4A2_HT-SELEX_TCATTG20NTTA_W_TTTAAAGGTCA_2_4	529	-9.90003462654924	13.216176479104	-0.749085	1
NRF1_HT-SELEX_TAGCGA20NCG_AC_YGCGCATGCGCN_1_2	2695	-8.86157406392367	14.6626822091901	-0.604362	1
NRL_HT-SELEX_TGGAGC20NGA_O_NNNNTGCTGAN_1_4	157120	-16.4280661497398	9.69113556560541	-1.69516	1
OLIG1_HT-SELEX_TGCCTG20NTCC_Z_ANCATATGNT_1_3	2242	-39.5041773998403	11.8158889601832	-3.34331	1
OLIG2_HT-SELEX_TCTTTC20NGA_Y_AMCATATGKT_1_3	670	-16.3012141348434	11.2361612672249	-1.45078	1
OLIG2_HT-SELEX_TGCGCC20NGA_AE_AMCATATGKT_1_4	670	-9.15712815580261	11.3705377484412	-0.805338	1
OLIG3_HT-SELEX_TGTCCG20NGA_Y_AMCATATGKT_1_3	670	-16.6066524277651	10.8232221540258	-1.53435	1
ONECUT1_HT-SELEX_TAGCTC20NTCT_Y_NNAAAATCRATAWN_1_3	104704	-13.3954763944985	14.571614816074	-0.919286	1
ONECUT1_HT-SELEX_TCGCAT20NGA_AE_NNAAAATCRATAWN_1_3	104704	-19.8300624169391	14.7012430352778	-1.34887	1
ONECUT2_HT-SELEX_TGGGCG30NCGT_AH_NNAAAATCRATAWN_1_2	104704	-18.1018236611983	14.953651850829	-1.21053	1
ONECUT3_HT-SELEX_TAGAAC20NAAT_Y_NNAAAATCRATANN_1_3	194560	-6.71418316761183	15.6244982693361	-0.429722	1
Otx1_HT-SELEX_TCTTAG20NATG_AC_NNTAATCCGATTANN_1_3	119552	-12.2256245494124	15.1230269353185	-0.808411	1
Otx1_HT-SELEX_TCTTAG20NATG_AC_NTAATCCN_1_3	2424	-22.6567324796618	8.14606012511961	-2.78131	1
OTX1_HT-SELEX_TGATAA20NGA_Y_NNTAATCCGATTANN_1_3	119552	-11.8444227938221	15.058693828143	-0.78655	1
OTX1_HT-SELEX_TGATAA20NGA_Y_NTAATCCN_1_3	2424	-26.2492252226645	8.58857783531305	-3.05629	1
OTX2_HT-SELEX_TATGGG20NGGG_AC_NNTAATCCGMTTANN_1_4	216064	-7.89162473381849	15.0322686683434	-0.524979	1
OTX2_HT-SELEX_TATGGG20NGGG_AC_NTAATCCN_1_4	2424	-24.1005326031733	8.59717326558799	-2.80331	1
PAX1_HT-SELEX_TAACTT20NTCA_Y_SGTCACGCWTGANTGMA_2_4	27680	-13.2959985228442	18.1832805040179	-0.731221	1
PAX2_HT-SELEX_TCCACG20NCAC_Y_NGTCACGCWTSRNTGNNY_2_3	2315768	-15.4315609056984	17.4401322094028	-0.884831	1
PAX3_HT-SELEX_TTCTCT20NCTC_AF_TAATYRATTA_1_2	670	-10.2544775006011	12.4818448688523	-0.821551	1
PAX4_HT-SELEX_TATTTA20NTTG_Y_CTAATTAG_1_4	145	-9.79700757793442	8.74376446906295	-1.12046	1
PAX4_HT-SELEX_TCGCAT20NACT_W_CTAATTAG_1_4	145	-14.4910249301831	9.10820415895246	-1.59099	1
PAX5_HT-SELEX_TACAGG20NGAC_Y_NGTCACGCWTSRNTGNNY_2_3	2315768	-4.10312643054445	15.7152519883041	-0.261092	1
PAX6_HT-SELEX_TCCATA20NTAC_Y_TTTYACGCWTGANTGMNYN_2_4	803840	-14.032835850063	18.8216135646384	-0.74557	1
PAX7_HT-SELEX_TAGGGC20NGGT_AE_TAATYRATTA_1_3	670	-17.6662645471481	12.9041481074511	-1.36904	1
PAX7_HT-SELEX_TCCAAC20NAAC_Y_TAATYRATTA_1_2	670	-8.8632253609943	11.5749371122399	-0.765726	1
PAX9_HT-SELEX_TCTAAT20NAAG_AG_SGTCACGCWTGANTGMA_2_4	27680	-12.2526718803837	19.2778950099705	-0.635581	1
PDX1_HT-SELEX_TGGAAT30NAAT_AI_NYMATTAN_1_3	4446	-25.004833638426	8.21707557961207	-3.04303	1
PHOX2A_HT-SELEX_TGACTC20NGA_Y_TAATYYAATTA_1_3	1520	-12.4383691033491	12.0954053520252	-1.02835	1
PHOX2B_HT-SELEX_TGCTGT20NGA_AE_TAATYYAATTA_1_3	1520	-12.8200274420372	12.2465563748817	-1.04683	1
PHOX2B_HT-SELEX_TGGTCT20NGA_Y_TAATYYAATTA_1_3	1520	-10.8638633254722	11.8078883438247	-0.920051	1
PITX1_FIGLA_CAP-SELEX_TGTGAT40NGCA_AAB_TAATCCNNNNCASSTG_1_3	510976	-16.9033886028185	15.8347019766365	-1.06749	1
PITX1_HT-SELEX_TCATGC20NCG_Y_NYTAATCCN_1_3	5536	-15.1390090453098	9.00107304742251	-1.68191	1
PITX1_HT-SELEX_TCTCTT20NTCG_W_NTAATCCN_1_2	2424	-17.1641458308816	8.58079569708411	-2.0003	1
PITX1_HT-SELEX_TGAGCA20NCGA_AF_NTTAATCCN_1_3	3376	-14.3617431980545	8.84480683005214	-1.62375	1
PITX3_HT-SELEX_TGCATC20NGA_Y_NYTAATCCN_1_2	5536	-12.9421966704634	8.91081993204295	-1.45241	1
PKNOX1_HT-SELEX_TCGCAT20NGA_Y_TGACAGSTGTCA_2_3	805	-7.89082284993891	15.74363822191	-0.501207	1
Pknox2_HT-SELEX_TGCTCG20NCG_Q_TGACAGSTGTCA_2_4	805	-2.51141587561648	16.0675332724191	-0.156304	1
PKNOX2_HT-SELEX_TGTATT20NGA_Y_TGACAGSTGTCA_2_3	805	-11.1859823358843	15.9873164724805	-0.699679	1
POU1F1_HT-SELEX_TACACC40NCAC_AI_NNYATGMATAATTAATN_2_3	180736	3.5686687754131	14.8985051246505	0.239532	1
POU1F1_HT-SELEX_TACACC40NCAC_AI_NWTATGCWAATKAG_1_3	17024	-6.32709432056317	15.1153550042353	-0.418587	1
POU2F1_HT-SELEX_TCTTTC20NGA_AC_NWTATGCWAATN_1_2	20256	-2.78273627818685	12.3818486034311	-0.224743	1
POU2F1_HT-SELEX_TCTTTC20NGA_AC_NWTRMATATKYAWN_1_2	145104	-2.6941265543133	13.0496601953503	-0.206452	1
Pou2f2_HT-SELEX_TAGATA20NTAT_Z_NWTRMATATKYAWN_1_3	145104	-9.53280348009936	15.3351042957283	-0.621633	1
Pou2f2_HT-SELEX_TAGATA20NTAT_Z_TATGCAAAT_1_3	352	-6.88170341446638	11.7690491883825	-0.584729	1
POU2F2_HT-SELEX_TGACAG20NGA_AC_NTATGCWAATN_1_2	9664	-2.33409573669817	11.3014701347211	-0.20653	1
POU2F2_HT-SELEX_TGACAG20NGA_AC_NWTRMATATKYAWN_1_2	145104	-1.00688807811618	11.8827407423586	-0.0847353	1
POU2F3_HT-SELEX_TAGACG20NCAT_Y_TATGCWAAT_1_2	604	-1.00821318797695	10.5644449350298	-0.0954346	1
POU2F3_HT-SELEX_TAGACG20NCAT_Y_WTRMATATKYAW_1_2	9108	0.623072389725131	11.8964278717338	0.0523747	1
POU3F1_HT-SELEX_TAGCGA20NGCT_Y_WTATGCWAATNW_1_2	11338	-2.85052421156256	12.4063854597597	-0.229763	1
POU3F1_HT-SELEX_TAGCGA20NGCT_Y_WTGMATAAWTNA_1_2	11359	-2.20974376781256	11.602619856859	-0.190452	1
POU3F2_HT-SELEX_TGTTCA40NCTG_AI_NWTGMATAAWTNA_1_3	45440	-9.42025111845425	12.6130107377037	-0.746868	1
POU3F2_HT-SELEX_TGTTCA40NCTG_AI_WTATGCWAATKA_1_3	3512	-14.1381092919256	13.0919119917723	-1.07991	1
POU3F3_HT-SELEX_TCGCAT20NACT_Y_NWTATGCWAATTW_1_4	14048	-0.265679846198492	13.6913711719481	-0.0194049	1
POU3F3_HT-SELEX_TCGCAT20NACT_Y_WTGMATAAWTNA_1_4	11359	-1.41985084157944	12.058423879388	-0.117748	1
POU3F3_HT-SELEX_TCGCAT20NACT_Y_WTRMATATKYAW_1_4	9108	0.409795309367589	9.95376469485147	0.0411699	1
POU3F4_HT-SELEX_TACTGC20NGTC_Y_TATGCWAAT_1_3	604	-1.64305003656092	11.2316941396285	-0.146287	1
POU3F4_HT-SELEX_TACTGC20NGTC_Y_TGMATWWWTNA_1_3	13737	-4.93682543898532	11.7878172201472	-0.418807	1
POU4F1_HT-SELEX_TACAAA20NAAC_Y_ATGMATAATTAATG_2_3	1564	3.66523563384905	14.5123149005325	0.25256	1
POU4F2_HT-SELEX_TACGAG20NAGC_Y_NTGMATAATTAATKAG_2_3	13164	1.76668263683155	16.9625014071909	0.104152	1
POU4F2_HT-SELEX_TGCGAA20NAGC_W_NTGMATAATTAATKAG_2_3	13164	-10.8823062507735	18.965708872179	-0.573789	1
POU4F3_HT-SELEX_TACCGT20NGCC_Y_NTGMATAATTAATGAN_2_3	24984	3.41485660609128	15.8182263639667	0.215881	1
POU5F1P1_HT-SELEX_TAGAGT20NGAT_Y_TATGCWAAT_1_2	604	-1.30611692656848	10.4679157018226	-0.124773	1
POU5F1P1_HT-SELEX_TAGAGT20NGAT_Y_WTRMATATKYAW_1_3	9108	-1.64627873874039	12.7161509669534	-0.129464	1
POU6F2_HT-SELEX_TATCAT20NCG_AC_SCTMATTANN_1_4	10719	-22.0292867524023	11.0271660085019	-1.99773	1
POU6F2_HT-SELEX_TGCTGT20NCG_V_NSCTMATTAN_1_3	12352	-22.1183846255211	10.7983726122843	-2.04831	1
POU6F2_HT-SELEX_TGCTGT20NCG_V_WTAATKAGCTMATTAW_2_3	6322	-3.12948790283425	18.6525495363899	-0.167778	1
PRDM1_HT-SELEX_TTGAGG20NGAT_AE_NRAAAGTGAAAGTGN_2_2	21376	-0.271017079163837	16.4361822571208	-0.0164891	1
PRDM4_HT-SELEX_TAGCAG20NCG_AC_TTTCAAGGCYCCC_3_4	1336	-17.9564258060432	17.6248727733576	-1.01881	1
PROP1_HT-SELEX_TCCCGA30NGCC_AI_TAATYNAATTA_1_4	2120	-13.5430763529335	13.2214981131904	-1.02432	1
PROP1_HT-SELEX_TGTATT20NGA_AE_TAAYYNAATTA_1_3	4190	-2.51922593020523	11.3970729741683	-0.221041	1
PROX1_HT-SELEX_TGCAGA20NGA_AF_NAAGACGYCTTN_1_4	8512	-12.8968930086968	14.1711669429606	-0.91008	1
PRRX1_HT-SELEX_TAACGG20NGCA_AC_NYAATTAN_1_2	2596	-14.662536213589	7.99893502013698	-1.83306	1
PRRX1_HT-SELEX_TTCCCC20NTA_AD_NYAATTAN_1_2	2596	-12.6459382084958	7.74917081298253	-1.63191	1
PRRX1_HT-SELEX_TTCCCC20NTA_AD_TAATYTAATTA_1_2	844	-4.20975112899544	12.0952396149867	-0.34805	1
Prrx2_HT-SELEX_TATGAA20NAGG_Z_NYAATTAN_1_3	2596	-23.0915599893425	8.21345459228644	-2.81143	1
PRRX2_HT-SELEX_TGGGGT20NGA_AE_NYAATTAN_1_2	2596	-3.83914878233132	7.44949718590764	-0.515357	1
RARA_HT-SELEX_TAAAAT20NTA_Q_ARRGGTCANNNRRGGTCA_2_3	687104	-14.244593763455	20.1417483688342	-0.707217	1
RARA_HT-SELEX_TAAAAT20NTA_Q_RAGGTCAAAAGGTCAAKN_2_3	17344	-15.6767091906677	22.0581057038052	-0.710701	1
RARA_HT-SELEX_TAAAAT20NTA_Q_RGGTCANNNARRGGTCA_2_3	324608	-15.2567079554634	19.5328604521374	-0.781079	1
RARA_HT-SELEX_TATAGA20NCG_AD_ARGGTCAAAAGGTCA_2_3	1810	-9.54682396326533	18.8526333926688	-0.506392	1
RARA_HT-SELEX_TATAGA20NCG_AD_ARRGGTCANNNRRGGTCA_2_3	687104	-16.3688833760823	20.1452510775323	-0.812543	1
RARA_HT-SELEX_TATAGA20NCG_AD_RGGTCANNNARRGGTCA_2_3	324608	-17.0737802822301	19.4940811936546	-0.875844	1
Rara_HT-SELEX_TCGGTT20NCG_P_ARRGGTCANNNRRGGTCA_2_4	687104	-12.1816154349193	20.3573087698698	-0.59839	1
Rara_HT-SELEX_TCGGTT20NCG_P_RGGTCANNNARRGGTCA_2_4	324608	-14.744289070724	19.4459753145179	-0.758218	1
Rara_HT-SELEX_TCGGTT20NCG_P_RRGGTCAAAAGGTCA_2_4	3292	-8.70485077513653	19.5678217764143	-0.444855	1
RARB_HT-SELEX_TAGTTT20NTTT_W_AARGGTCAAAAGGTCA_2_4	2074	1.01769398743838	20.9634496823236	0.0485461	1
Rarb_HT-SELEX_TCGTGT20NCG_P_AARGGTCAAAAGGTCA_2_4	2074	-8.06547592707185	20.7709466762898	-0.388306	1
Rarb_HT-SELEX_TCGTGT20NCG_P_ARRGGTCANNNRRGGTCA_2_4	687104	-12.6139268750527	20.2520908125241	-0.622846	1
Rarb_HT-SELEX_TCGTGT20NCG_P_RGGTCANNNARRGGTCA_2_4	324608	-18.1130203614756	19.6439970401128	-0.922064	1
Rarg_HT-SELEX_TATCTG20NTCG_Z_GRGGTCAAAAGKTCAC_2_4	3796	-14.2379693493015	19.6384796517444	-0.725004	1
Rarg_HT-SELEX_TATCTG20NTCG_Z_RRGGTCANNNARAGGTCA_2_4	381440	-18.3972966881187	21.113827692588	-0.871339	1
Rarg_HT-SELEX_TATCTG20NTCG_Z_RRGGTCANNNRRGGTCA_2_4	579584	-20.8849674361665	20.5874441778084	-1.01445	1
RARG_HT-SELEX_TCGGGG20NGA_AE_GRGGTCAAAAGKTCAC_2_3	3796	-11.1633019116245	21.0475883704537	-0.530384	1
RARG_HT-SELEX_TCGGGG20NGA_AE_RRGGTCANNNARAGGTCA_2_3	381440	-14.7764266837329	20.6282711097453	-0.716319	1
RARG_HT-SELEX_TCGGGG20NGA_AE_RRGGTCANNNRRGGTCA_2_3	579584	-6.19954245996791	17.2582939474042	-0.359221	1
RARG_HT-SELEX_TGTTAT20NGA_Y_GRGGTCAAAAGGTCANA_2_3	8296	-11.2298813198469	20.4646559587544	-0.548745	1
RARG_HT-SELEX_TGTTAT20NGA_Y_RRGGTCANNNARAGGTCA_2_3	381440	-15.1838016336337	19.7135966921192	-0.77022	1
RARG_HT-SELEX_TGTTAT20NGA_Y_RRGGTCANNNRRGGTCA_2_3	579584	-16.4007811737065	18.5507928408009	-0.884101	1
RAX_HT-SELEX_TGGTAG20NATT_Z_NNYAATTANN_1_3	41296	-14.0671471930269	9.12522415173793	-1.54157	1
RAXL1_HT-SELEX_TACTCA20NTA_Q_NYAATTAN_1_2	2596	-4.03572556821427	7.60168648073587	-0.530899	1
RFX2_HT-SELEX_TAACCC20NCCA_Y_NGTTRCCATGGYAACN_2_3	22672	-3.40967884434981	18.1304410166244	-0.188064	1
RFX2_HT-SELEX_TAACCC20NCCA_Y_SGTTGCYARGCAACS_2_3	9616	-9.0282421738329	18.8282318431316	-0.479506	1
Rfx2_HT-SELEX_TGGTAG20NATT_AC_NGTTRCCATGGYAACN_2_3	22672	-1.39374519681291	17.3778618834439	-0.0802023	1
Rfx2_HT-SELEX_TGGTAG20NATT_AC_SGTTGCYARGCAACS_2_3	9616	-7.58403520415877	17.6872888571896	-0.428784	1
RFX3_HT-SELEX_TGGCTT20NGA_AC_NGTTNCCATGGNAACN_2_3	80920	-9.76105803142725	16.8777277592821	-0.57834	1
RFX3_HT-SELEX_TGGCTT20NGA_AC_SGTTGCYARGCAACS_2_3	9616	-13.3347831698415	17.9454219145472	-0.743074	1
Rfx3_HT-SELEX_TGGGTA20NCG_P_NGTTNCCATGGNAACN_2_3	80920	-19.9631552087862	19.0481019845178	-1.04804	1
RFX4_HT-SELEX_TGACAG20NGA_O_NGTTNCCATGGNAACN_2_3	80920	-11.0703263583906	16.0181751173987	-0.69111	1
RFX4_HT-SELEX_TGACAG20NGA_O_SGTTGCYARGCAACS_2_3	9616	-14.4697238173781	17.2975279680398	-0.83652	1
RFX5_HT-SELEX_TGGAGC30NGAT_AI_NGTTRCCATGGYAACN_2_2	22672	-6.26530728570417	18.1130034937353	-0.345901	1
RFX5_HT-SELEX_TGGAGC30NGAT_AI_SGTTRCCATRGCAACS_2_2	10388	-3.15218069737382	18.0406985475721	-0.174726	1
Rhox11_HT-SELEX_TGGCCC20NCG_P_NGCTGTWAN_1_4	5536	-22.3763384491504	8.26960372649343	-2.70585	1
RHOXF1_HT-SELEX_TGGATG30NTAT_AI_GGMTNAKCC_1_4	1544	-13.0571462887682	9.0902160331418	-1.4364	1
RHOXF1_HT-SELEX_TGGATG30NTAT_AI_NTRAKCCN_1_3	5472	-25.3085520969563	7.07758158086964	-3.57588	1
RHOXF1_HT-SELEX_TTAGAA20NTA_AE_GGMTNAKCC_1_4	1544	-9.96908689430843	9.50886217097433	-1.0484	1
RHOXF1_HT-SELEX_TTAGAA20NTA_AE_NTRAKCCN_1_4	5472	-25.1307403477234	7.78572552060623	-3.2278	1
RORA_HT-SELEX_TCTGTA30NTGG_AI_NRAAGGTCAANNNNRGGTCA_2_4	3371008	-18.4848087074462	22.6828245794713	-0.814925	1
RORA_HT-SELEX_TCTGTA30NTGG_AI_WAWNTRGGTYAGTAGGTCA_2_4	66560	-10.5793386815046	22.9983537427351	-0.460004	1
RUNX2_HT-SELEX_TACCTA40NTCC_AI_NAACCGCAAACCRCAN_2_4	25024	3.84047474493211	17.1044117439082	0.224531	1
RUNX2_HT-SELEX_TACCTA40NTCC_AI_WAACCRCAAWAACCRCAN_2_4	58112	-11.9546203869675	18.3985438172503	-0.649759	1
RUNX2_HT-SELEX_TACCTA40NTCC_AI_WAACCRCAN_1_4	3088	-22.3381908031879	10.4182782280537	-2.14413	1
RUNX3_HT-SELEX_TACGGA30NGGC_AI_NAACCGCAAACCRCAN_2_3	25024	4.69753186542092	17.421028113071	0.269647	1
RUNX3_HT-SELEX_TACGGA30NGGC_AI_NAACCGCAAN_1_3	4432	-22.3174106902826	11.1370993264467	-2.00388	1
RUNX3_HT-SELEX_TACGGA30NGGC_AI_WAACCRCAAWAACCRCAN_2_3	58112	1.65913404691804	18.0652908264651	0.091841	1
RUNX3_HT-SELEX_TCTCCC20NGA_AE_NAACCRCAAN_1_4	7456	-23.9804113501135	11.098926299477	-2.16061	1
Rxra_HT-SELEX_AAGAC14N_T_GGGGTCAAAGGTCA_2_4	862	-12.7827382861575	17.2806587932863	-0.739714	1
Rxra_HT-SELEX_AAGAC14N_T_RGGTCATGACCY_2_4	1015	-6.57544677354027	15.2237212857629	-0.431921	1
RXRA_HT-SELEX_TCACGT30NGCA_AH_GGGGTCAAAGGTCA_2_3	862	1.90354968722991	17.7293252373714	0.107367	1
RXRA_HT-SELEX_TCACGT30NGCA_AH_RRGGTCATGACCYY_2_3	4564	4.94128682967322	16.1958212476464	0.305096	1
RXRA_HT-SELEX_TCTACA40NCAG_AI_GGGGTCAAAGGTCA_2_3	862	2.41929933947046	17.8911984604118	0.135223	1
RXRA_HT-SELEX_TCTACA40NCAG_AI_RRGGTCATGACCYY_2_3	4564	3.55497117204322	16.2155852701334	0.219232	1
Rxrb_HT-SELEX_CAATT14N_T_GGGGTCAAAGGTCA_2_4	862	-6.38570247450772	18.361917334207	-0.347769	1
RXRB_HT-SELEX_TGAGCA20NGA_Y_GGGGTCAAAGGTCA_2_3	862	-11.2111359057104	18.0946612004594	-0.619583	1
RXRG_HT-SELEX_TGGAAT20NGA_Y_GGGGTCAAAGGTCA_2_3	862	-15.1611376047493	17.7694320741438	-0.853215	1
RXRG_HT-SELEX_TGGAAT20NGA_Y_RRGGTCATGACCYY_2_3	4564	-12.452585523481	16.8132966062048	-0.740639	1
RXRG_HT-SELEX_TTCTCT20NTA_AD_GGGGTCAAAGGTCA_2_4	862	-6.75490519991438	18.7171479922838	-0.360894	1
SCRT1_HT-SELEX_TCTTAG20NATG_Y_NNGCAACAGGTGGNN_2_4	135424	-16.6463644016424	15.7202838825859	-1.05891	1
SCRT2_HT-SELEX_TGGGCG20NCGT_Y_NNGCAACAGGTGN_2_3	27904	-17.6202577252272	14.883675096854	-1.18386	1
SHOX_HT-SELEX_TAAGGT20NGGA_AC_NYAATTAN_1_2	2596	-16.6306825240748	8.09043361741123	-2.0556	1
SHOX2_HT-SELEX_TACGTC20NTGC_Y_NYAATTAN_1_2	2596	-6.52639997356872	8.12202950386123	-0.803543	1
Shox2_HT-SELEX_TCCCAG20NACC_Z_NYAATTAN_1_2	2596	-14.7346635052511	8.18354761093239	-1.80052	1
SMAD3_HT-SELEX_TGGGTA20NGA_AC_YGTCTAGACA_1_3	538	-15.9145919256101	12.4799731507008	-1.27521	1
SNAI2_HT-SELEX_TCGTTA20NGA_O_NRCAGGTGN_1_6	5536	-28.6759528193567	8.82349562596049	-3.24995	1
Sox1_HT-SELEX_TGTCTA20NTCG_AC_NACAATWNCATTGTN_1_4	66752	-14.9921828762287	17.7635741164416	-0.843985	1
Sox1_HT-SELEX_TGTCTA20NTCG_AC_NTGAATWNCATTCAN_1_4	66752	-15.0151198407698	17.5669192897481	-0.854738	1
Sox1_HT-SELEX_TGTCTA20NTCG_AC_TCAATWNCATTGA_1_4	4172	-12.042510378632	15.8499701269315	-0.759781	1
Sox1_HT-SELEX_TGTCTA20NTCG_AC_TGAATNNNNATTCA_1_4	55936	-25.6521976337306	15.3861474394606	-1.66723	1
SOX10_HT-SELEX_TGATTT20NTTA_AF_AACAATNNNAGTGTT_1_4	37952	-34.9474964204238	19.8549069233291	-1.76014	1
SOX10_HT-SELEX_TGATTT20NTTA_AF_AACAATRTKCAGWGTT_1_4	6916	-14.6720392033385	21.0811548246254	-0.695979	1
SOX10_HT-SELEX_TGATTT20NTTA_AF_ATCAATTGCAGTGAT_1_4	991	-5.32668601639497	19.9901630239925	-0.266465	1
SOX10_HT-SELEX_TGATTT20NTTA_AF_ATGAATTGCAGTCAT_1_4	991	-8.50326390577774	20.2538353395285	-0.419835	1
SOX10_HT-SELEX_TGATTT20NTTA_AF_TGAATRTKCAGTCA_1_4	2820	-8.17886463265328	18.6079509638817	-0.439536	1
Sox10_HT-SELEX_TGCTGT20NCG_P_AACAATTGCAGTGTT_1_4	991	-6.36751556642434	19.7109528279261	-0.323045	1
Sox10_HT-SELEX_TGCTGT20NCG_P_ATCAATTGCAGTGAT_1_4	991	-7.63308658365083	20.3174063532585	-0.375692	1
Sox10_HT-SELEX_TGCTGT20NCG_P_ATGAATTGCAGTCAT_1_4	991	-6.23930312949111	19.8176855877657	-0.314835	1
Sox11_HT-SELEX_TCTTCT20NGA_AF_AACAATTGCAGTGTT_1_3	991	-3.96391314832456	19.7914309704466	-0.200284	1
SOX14_HT-SELEX_TACCTA30NTCC_AH_ACAATANCATTG_1_4	2116	-13.585669198298	15.1540332053732	-0.896505	1
SOX14_HT-SELEX_TACCTA30NTCC_AH_NTGAATNNCATTCAN_1_4	106592	-16.1762717859357	17.5402683802056	-0.922236	1
SOX14_HT-SELEX_TACCTA30NTCC_AH_TCAATNNCATTGA_1_4	6662	-11.7279005239156	15.7058710143662	-0.746721	1
SOX15_HT-SELEX_TGTTCA20NCTG_AF_AACAATAMCATTGTT_1_4	1796	-4.48305586103372	19.8201582033764	-0.226187	1
SOX15_HT-SELEX_TGTTCA20NCTG_AF_ATCAATAACATTGAT_1_4	982	-1.10416627237041	19.8334932681767	-0.0556718	1
SOX15_HT-SELEX_TGTTCA20NCTG_AF_ATGAATAACATTCAT_1_4	982	-4.78422713061266	20.2807691769773	-0.2359	1
Sox17_HT-SELEX_TATTGT20NGTG_AF_AACAATNNCATTGTT_1_3	9500	-13.6942526399607	18.3176761479375	-0.747598	1
Sox17_HT-SELEX_TATTGT20NGTG_AF_ATGAATWNCATTCAT_1_3	5864	-6.75655276095721	18.1524102703261	-0.372212	1
SOX18_HT-SELEX_TGTGTC20NTGG_AE_AACAATNNCATTGTT_1_4	9500	-12.846537276174	18.823036761368	-0.68249	1
SOX18_HT-SELEX_TGTGTC20NTGG_AE_ATCAATNNCATTGAT_1_4	9500	-8.9197091485553	19.0033596899667	-0.469375	1
SOX18_HT-SELEX_TGTGTC20NTGG_AE_ATGAATWYCATTCAT_1_4	3272	-6.31083659195462	19.3271522149644	-0.326527	1
SOX2_HT-SELEX_TAGTAA20NATT_AC_NAACAATNNNATTGTTN_1_4	323072	-23.4557506950313	19.8671157858225	-1.18063	1
SOX2_HT-SELEX_TAGTAA20NATT_AC_NTGAATNNNATTCAN_1_4	223232	-30.4988244246108	17.3691603014734	-1.75592	1
SOX2_HT-SELEX_TCCCCT20NCCC_AC_NATCAATNNNATTGATN_1_4	323072	-29.8186897230069	19.1111135207002	-1.56028	1
SOX2_HT-SELEX_TGAATA20NTAA_AF_NAACAATANCATTGTTN_1_4	52352	-7.24870053589965	20.0525627259777	-0.361485	1
SOX2_HT-SELEX_TGAATA20NTAA_AF_NATCAATANCATTGATN_1_4	52352	-6.93790083631263	20.0278038794105	-0.346413	1
SOX2_HT-SELEX_TGAATA20NTAA_AF_NTGAATWNCATTCAN_1_4	66752	-13.1079160433726	17.5140966846815	-0.748421	1
SOX21_HT-SELEX_TCAAAA40NAAA_AI_AACAATNNNAKTGTT_1_4	50912	-16.462841479804	18.2801228032068	-0.900587	1
SOX21_HT-SELEX_TCAAAA40NAAA_AI_AACAATNNNNAKTGTT_1_4	203800	-16.7400510488475	18.5179614709266	-0.90399	1
SOX21_HT-SELEX_TCAAAA40NAAA_AI_TCAATNNNATTGA_1_4	13952	-22.1186904127371	15.5730495595182	-1.42032	1
SOX21_HT-SELEX_TCAAAA40NAAA_AI_TGAATNNNAKTCA_1_4	33920	-26.3981455812224	15.9451989692401	-1.65555	1
Sox3_HT-SELEX_TGGGGT20NCG_Q_NAACAATRNYATTGTTN_1_4	90368	-10.7295480753092	20.2510898968204	-0.529826	1
Sox3_HT-SELEX_TGGGGT20NCG_Q_NATCAATKNYATTGATN_1_4	150848	-13.7059568254543	19.7626595181032	-0.693528	1
Sox3_HT-SELEX_TGGGGT20NCG_Q_NATGAATKNYATTCATN_1_4	150848	-9.3442095213092	19.3239887982764	-0.483555	1
SOX4_HT-SELEX_TATCGC30NGCG_AH_NAACAATTKCAGTGTT_1_4	7240	-6.04202143317425	20.8511361479484	-0.289769	1
SOX7_HT-SELEX_TGAGGC20NGGA_AF_AACAATNNNNAKTGTT_1_3	203800	-15.2648942176123	18.6693779127997	-0.817643	1
SOX7_HT-SELEX_TGAGGC20NGGA_AF_NAACAATKNYAKTGTTN_1_3	289216	-14.4914718604562	19.3262396807751	-0.749834	1
SOX7_HT-SELEX_TGAGGC20NGGA_AF_NATGAATKNYAKTCATN_1_3	289216	-8.99193784359056	19.0186992936524	-0.472795	1
SOX8_HT-SELEX_TCTTTC30NTTG_AI_AACAATRTKCAGWGTT_1_4	6916	-17.1693235098885	21.2358003546123	-0.808508	1
SOX8_HT-SELEX_TCTTTC30NTTG_AI_ATGAATKNYAGTC_1_4	7984	-6.8665549453018	16.4802169503754	-0.416654	1
SOX8_HT-SELEX_TCTTTC30NTTG_AI_NAACAATKNYAGTGTTN_1_4	177088	-10.9325376968332	20.7178857884098	-0.527686	1
SOX8_HT-SELEX_TCTTTC30NTTG_AI_NATCAATKNYAGTGATN_1_4	177088	-15.5558977510168	20.8752354691309	-0.745184	1
SOX8_HT-SELEX_TCTTTC30NTTG_AI_TGAATRTKCAGWCA_1_4	5068	-15.649444567507	18.3591465564684	-0.852406	1
SOX8_HT-SELEX_TGTCTA20NTCG_AE_AACAATKNYAGTGTT_1_4	11068	-12.5109653947593	20.076192021301	-0.623174	1
SOX8_HT-SELEX_TGTCTA20NTCG_AE_ATGAATKNYAGTC_1_4	7984	-13.1536429261186	16.7527106052425	-0.785165	1
SOX8_HT-SELEX_TGTCTA20NTCG_AE_NATCAATKNYAGTGATN_1_4	177088	-36.2184341339061	21.7634671966118	-1.66418	1
SOX9_HT-SELEX_TCTCAA20NGA_O_NAACAATRN_1_4	5536	-20.4429127120699	9.23505898841183	-2.21362	1
SOX9_HT-SELEX_TGGGGT20NGGT_W_AACAATRTKCAGWGTT_1_3	6916	-15.269920660142	21.4816741739203	-0.710835	1
SOX9_HT-SELEX_TGGGGT20NGGT_W_ATCAATRTKCAGWGAT_1_3	6916	-13.509318126157	21.0151466877567	-0.642837	1
SOX9_HT-SELEX_TGGGGT20NGGT_W_ATGAATRTKCAGWCAT_1_3	6916	-17.0817662453495	21.0730977647762	-0.810596	1
SOX9_HT-SELEX_TGGGGT20NGGT_W_NAACAATKNYAGTGTTN_1_3	177088	-16.6445847902513	21.0058323474984	-0.792379	1
SOX9_HT-SELEX_TGGGGT20NGGT_W_NATCAATKNYAGTGATN_1_3	177088	-13.0842624655302	20.3393118801839	-0.643299	1
SOX9_HT-SELEX_TGGGGT20NGGT_W_NATGAATKNYAGTCATN_1_3	177088	-15.5980203100563	20.5777601443231	-0.758004	1
SP1_HT-SELEX_TCTATG20NGA_O_GCCMCGCCCMC_1_4	1636	-17.659046844286	10.7877374410835	-1.63696	1
SP3_HT-SELEX_TCGGCC20NGA_O_GCCMCGCCCMC_1_6	1636	-0.0870996797043064	11.0440225536179	-0.00788659	1
SP4_HT-SELEX_TTATGT20NGTA_AE_NWRGCCMCGCCCMCTNN_2_4	579584	-17.0198216294209	17.6116124289395	-0.966398	1
SP8_HT-SELEX_TGCTCG20NCTC_Y_NMCMCGCCCMCN_1_4	35840	-18.4490333102533	12.5162357871069	-1.47401	1
SPDEF_HT-SELEX_TCATTG20NCG_AD_AMCCGGATGTN_1_3	3040	-17.8335766185016	12.6126563567015	-1.41394	1
SPDEF_HT-SELEX_TCATTG20NCG_AD_GTGGTCCCGGATYAT_2_3	1810	-8.62265875685161	18.0453732957452	-0.477832	1
SPDEF_HT-SELEX_TCATTG20NCG_AD_NCAGNAAGAMGTAWMM_3_3	144896	-15.9522849293221	17.335833554046	-0.920191	1
SPDEF_HT-SELEX_TCGCTG20NTCT_AD_AMCCGGATGTN_1_4	3040	-14.1433677780975	12.7886334323672	-1.10593	1
SPDEF_HT-SELEX_TCGCTG20NTCT_AD_GTGGTCCCGGATYAT_2_4	1810	-6.21684712603692	17.8492878572923	-0.348297	1
SPDEF_HT-SELEX_TCGCTG20NTCT_AD_NCAGNAAGAMGTAWMM_3_4	144896	-18.7573941795777	17.9718652551803	-1.04371	1
SPI1_HT-SELEX_TCCCCT20NCG_AD_AAAAAGCGGAAGTN_2_3	2968	-13.8395481567461	17.4646903022173	-0.79243	1
SPIB_HT-SELEX_TGTCTA20NTCG_AK_AAAAAGMGGAAGTN_2_2	5344	-11.108976388041	16.0164105868621	-0.6936	1
SPIC_HT-SELEX_TAGGCA20NCG_AD_AAAAAGNGGAAGTN_2_4	10096	-21.4471128764365	14.4412742192139	-1.48513	1
Spic_HT-SELEX_TATAGA20NCG_Z_AAAAAGMGGAAGTA_2_4	1564	-6.84538715812287	16.6154141611119	-0.41199	1
Srebf1_HT-SELEX_TACATT20NCG_Z_RTCACGTGAY_1_3	670	-15.4576498508258	12.2252726551757	-1.2644	1
SREBF2_HT-SELEX_TGAGAT20NGA_Y_RTCACGTGAY_1_3	670	-10.4318204352724	12.4384261374571	-0.838677	1
SRF_HT-SELEX_TGAACG20NGA_Y_MCCATATAWGGN_1_4	5346	-14.7821848601136	14.4615141526938	-1.02217	1
SRF_HT-SELEX_TGGAAT20NAAT_W_NNMCCATATAWGGKNN_2_3	630544	-19.7625740186656	18.2809755794032	-1.08105	1
SRY_HT-SELEX_TACTGC30NGTC_AH_AACAATANCATTGTT_1_3	3272	1.32682668456914	19.3333313649035	0.068629	1
SRY_HT-SELEX_TACTGC30NGTC_AH_AACAATNNNCATTGTT_1_3	38044	-8.95248100536878	18.7686587582548	-0.476991	1
SRY_HT-SELEX_TACTGC30NGTC_AH_TCAATANCATTGA_1_4	2372	-11.6514636847885	17.0612511007285	-0.68292	1
SRY_HT-SELEX_TACTGC30NGTC_AH_TGAATANCATTCA_1_3	2372	-9.42452943805312	16.7387228155604	-0.563038	1
T_HT-SELEX_TGGGCG20NCGT_W_TCACACCTAGGTGTGA_2_3	577	-11.3144011722717	18.1763761531091	-0.622478	1
TBR1_HT-SELEX_TCACAC20NACA_Z_AGGTGTGANN_1_3	4432	-15.5833528589013	11.9039304066205	-1.30909	1
TBR1_HT-SELEX_TTGCAC20NACT_AE_NAGGTGTGAAN_1_4	5632	-19.3369513962683	13.7558539419064	-1.40573	1
TBX1_HT-SELEX_TACGGA40NGGC_AI_AGGTGTGA_1_4	277	-20.2726429123461	10.4840772686978	-1.93366	1
TBX1_HT-SELEX_TACGGA40NGGC_AI_AGGTGTGAAAAAAGGTGTGA_3_4	1771	-5.82195119831283	24.0281749953073	-0.242297	1
TBX1_HT-SELEX_TACGGA40NGGC_AI_AGGTGTGAAWTTCACACCT_2_4	1487	1.53042845187051	24.8118136131819	0.0616814	1
TBX1_HT-SELEX_TACGGA40NGGC_AI_TYTCACACCTNNNAGGTGTGARA_2_4	197504	-9.37735091267411	27.2313957305359	-0.344358	1
TBX1_HT-SELEX_TACGGA40NGGC_AI_YTCACACCTNNAGGTGTGAR_2_4	39400	-6.81743387573577	24.0379647492693	-0.283611	1
TBX15_HT-SELEX_TACGTC40NTGC_AI_AGGTGTGA_1_4	277	-19.8524625458286	10.6491090128827	-1.86424	1
TBX15_HT-SELEX_TACGTC40NTGC_AI_AGGTGTGAANTTCACACCT_2_4	2864	-4.80338480424228	25.0114260213703	-0.192048	1
TBX2_HT-SELEX_TCTATG20NTAG_AF_GGTGTNANWWNTNACACC_2_4	361792	-11.6133730568529	18.0795789862513	-0.642348	1
TBX2_HT-SELEX_TCTATG20NTAG_AF_NAGGTGTGAWN_1_4	9664	-19.1972754422229	11.2538245421228	-1.70584	1
TBX20_HT-SELEX_TACTCA40NCTC_AI_AGGTGTGAAGGTGTGA_2_3	1129	5.18257826118062	19.0109910610569	0.27261	1
TBX20_HT-SELEX_TACTCA40NCTC_AI_AGGTGTGAWWWTCACACCT_2_3	5116	-0.762956948859563	22.3819577853999	-0.034088	1
TBX20_HT-SELEX_TACTCA40NCTC_AI_HNHNAGGTGTGANHH_1_3	1612224	-22.4482719932922	14.0071436122907	-1.60263	1
TBX20_HT-SELEX_TCTTCT20NCTG_AE_AGGTGTKANGGTGTSA_2_4	13168	-5.82695443703655	18.790117316928	-0.310107	1
TBX20_HT-SELEX_TCTTCT20NCTG_AE_NAGGTGTGAAN_1_4	5632	-17.7314876354687	12.7104909267355	-1.39503	1
TBX21_HT-SELEX_TACTGC40NGTC_AI_GGTGTGANNTCACACC_2_3	6940	2.34261806630241	17.5221839532051	0.133694	1
TBX21_HT-SELEX_TACTGC40NGTC_AI_NAGGTGTGAA_1_3	1408	-5.20255794782963	11.620643106997	-0.4477	1
TBX21_HT-SELEX_TACTGC40NGTC_AI_TNACACCTNNNAGGTGTNA_2_3	441344	-1.38765572980238	19.4451615267909	-0.0713625	1
TBX21_HT-SELEX_TGGTCT20NCTT_AD_GGTGTGAWATCACACC_2_4	1501	-2.45443381687992	20.9237141159035	-0.117304	1
TBX21_HT-SELEX_TGGTCT20NCTT_AD_NAGGTGTGAA_1_3	1408	-18.7651825760613	12.1722149771286	-1.54164	1
TBX21_HT-SELEX_TGGTCT20NCTT_AD_TNACACCTNNNAGGTGTNA_2_4	441344	-11.3780931741807	22.8745674647343	-0.497412	1
TBX4_HT-SELEX_TACTTG40NTTC_AI_AGGTGTGA_1_3	277	-22.1485362925647	9.50116691951853	-2.33114	1
TBX4_HT-SELEX_TACTTG40NTTC_AI_AGGTGTNANWWNTNACACCT_2_3	486256	-0.22011682804446	19.7645670585075	-0.0111369	1
TBX5_HT-SELEX_TAGAAC40NAAT_AI_AGGTGTGA_1_3	277	-17.9537171965369	9.02473807054088	-1.98939	1
TBX5_HT-SELEX_TAGAAC40NAAT_AI_AGGTGTNANWWNTNACACCT_2_3	486256	-5.92665014396685	21.5970962067045	-0.274419	1
Tcf21_HT-SELEX_TCCGTG20NTGC_Z_NNAACAGCTGTTNN_1_4	55936	-11.4912250708126	15.3694015858155	-0.747669	1
TCF3_HT-SELEX_TACCCG20NCCC_Y_NNCACCTGNN_1_2	34336	-27.0967165975166	9.56634032168658	-2.83251	1
TCF4_HT-SELEX_TGCGAA20NGA_W_NNCACCTGNN_1_2	34336	-29.7569053080388	9.67318194026552	-3.07623	1
TCF4_HT-SELEX_TTGCCG20NCCT_AE_NNCACCTGNN_1_2	34336	-11.3575621373382	8.08907339555304	-1.40406	1
Tcf7_HT-SELEX_TATATC20NCG_AC_NAAGATCAAAGG_2_4	2116	-12.9208220397754	14.7983308006992	-0.873127	1
TCF7L1_HT-SELEX_TGGACA20NCAT_AD_NAASATCAAAGN_1_4	12160	-13.9796547779611	14.9099349932939	-0.937607	1
Tcfap2a_HT-SELEX_TGATCC20NCG_P_NGCCNNNNGGCN_1_3	315712	-35.7785068460566	11.8118384612791	-3.02904	1
Tcfap2a_HT-SELEX_TGATCC20NCG_P_NSCCNNNGGSN_1_3	192512	-44.2512173985889	11.1329596393754	-3.97479	1
TEAD1_HT-SELEX_TCTTAG20NATG_W_NRMATWCCWN_1_4	31900	-20.9149316631878	9.51202742923081	-2.19879	1
TEAD1_HT-SELEX_TCTTAG20NATG_W_RCATTCCNNRCATWCCN_2_4	324608	-11.818644747609	16.921962600149	-0.69842	1
TEAD3_HT-SELEX_TATAAG40NAAG_AI_RCATTCCNNRCATTCCN_2_3	180736	-0.0756936832897235	16.7704919342094	-0.0045135	1
TEAD3_HT-SELEX_TATAAG40NAAG_AI_RMATWCCA_1_3	1256	-26.2591465223477	9.33254474953419	-2.81372	1
TEAD4_ALX4_CAP-SELEX_TGGCAA40NACT_AY_GGAATGNNNNNYTAATTA_1_3	1368064	-13.1687817528589	18.1789116821522	-0.724399	1
TEAD4_DLX2_CAP-SELEX_TGTGCT40NCGG_AY_RCATTCYNNNCAATTA_1_2	153088	-7.28115128527281	13.7185199690379	-0.530753	1
TEAD4_DLX2_CAP-SELEX_TGTGCT40NCGG_AY_RCATTCYNNNNCAATTA_1_2	612352	-11.0607903925149	15.236430487239	-0.725944	1
TEAD4_DLX3_CAP-SELEX_TCGAGA40NGAT_AY_RCATTCCNNNYAATTA_1_3	153088	-11.5249447240448	14.6390442399821	-0.787274	1
TEAD4_FIGLA_CAP-SELEX_TCTCTT40NTCG_AY_GGAATKNNCASSTG_1_3	56192	-12.1543452580453	14.9445790806476	-0.813295	1
TEAD4_HT-SELEX_TGATTT20NTTA_Y_NRCATTCCWN_1_4	12352	-18.3476178929863	9.24313872532126	-1.985	1
TEAD4_PITX1_CAP-SELEX_TCTTTC40NTTG_AY_RCATWCNNNNGGATTA_1_3	510976	-14.6839049212154	15.3642205992582	-0.955721	1
TEF_HT-SELEX_AGGTG14N_S_NRTTACRTAAYN_1_3	24760	-19.4917251708268	11.303077334557	-1.72446	1
TEF_HT-SELEX_TATAAG20NTA_Q_NRTTACRTAAYN_1_3	24760	-18.7473103392766	12.4363206783435	-1.50746	1
TFAP2A_HT-SELEX_TTGCAC20NTA_AF_NGCCNNNNGGCN_1_3	315712	-35.3560671416552	11.1379230776794	-3.17439	1
TFAP2A_HT-SELEX_TTGCAC20NTA_AF_NSCCNNNGGSN_1_3	192512	-34.8413286924892	10.9001788738802	-3.1964	1
TFAP2B_HT-SELEX_TCGTTA20NTTT_Y_NGCCNNNNGGCN_1_4	315712	-37.4416149720983	11.4687998998233	-3.26465	1
TFAP2B_HT-SELEX_TCGTTA20NTTT_Y_NSCCNNNGGSN_1_4	192512	-31.4204291589386	11.5221620067139	-2.72696	1
TFAP2C_HT-SELEX_TCTACA20NCAG_Y_NGCCNNNNGGCN_1_3	315712	-19.0451542935998	11.427308083694	-1.66664	1
TFAP2C_HT-SELEX_TCTACA20NCAG_Y_NSCCNNNGGSN_1_3	192512	-35.7574208123496	10.9697249092397	-3.25965	1
TFAP2C_HT-SELEX_TGTCGT20NGCG_AE_NGCCNNNNGGCN_1_3	315712	-21.6703819683501	10.9601702967559	-1.97719	1
TFAP2C_HT-SELEX_TGTCGT20NGCG_AE_NGCCNNNNNGGCN_0_3	1261568	-22.0392099315931	13.2004964659373	-1.66957	1
TFAP2C_HT-SELEX_TGTCGT20NGCG_AE_NSCCNNNGGSN_1_3	192512	-28.0852546994719	10.4958187637772	-2.67585	1
TFAP4_HT-SELEX_CATTG14N_S_AWCAGCTGWT_1_3	670	-16.9853772747769	11.8094615931106	-1.43829	1
TFAP4_HT-SELEX_TCACGT20NGCA_AC_AWCAGCTGWT_1_2	670	-10.8302677577092	11.8572143306279	-0.913391	1
TFCP2_HT-SELEX_TAGATA20NCG_AD_NAACCGGTTN_1_4	2242	-11.2452569124303	11.2629233284539	-0.998431	1
TFE3_HT-SELEX_TACCGT20NTA_Q_NNCACGTGNN_1_2	19792	-27.1708112203795	10.0602976267745	-2.7008	1
TFEB_HT-SELEX_TAGTTT20NCG_W_RTCACGTGAY_1_2	670	-12.3894911349466	10.8718615738953	-1.13959	1
TFEC_HT-SELEX_TAGTGG20NGTT_AF_RTCACGTGAY_1_4	670	-10.847017905402	10.1834449522639	-1.06516	1
TGIF1_HT-SELEX_TATGGG20NGGG_Y_TGACAGSTGTCA_2_4	805	-5.87905119852355	16.2702692403063	-0.361337	1
TGIF2_HT-SELEX_TGAACG30NCAA_AI_TGACAGSTGTCA_1_3	805	2.76584038954317	15.3136264272113	0.180613	1
TGIF2LX_HT-SELEX_TGATAA20NATA_AE_TGACAGSTGTCA_2_4	805	-9.41441475777516	15.6600017920095	-0.601176	1
THRA_HT-SELEX_TCGGCC40NCGT_AI_NTGACCTNATNAGGTCAN_2_4	110512	-13.4582602917342	20.2552967589156	-0.664432	1
THRB_HT-SELEX_TGGCAA30NACT_AI_NTGACCTNATNAGGTCAN_2_4	110512	-3.67196372496196	19.8532313695848	-0.184955	1
THRB_HT-SELEX_TGGCAA30NACT_AI_NTGACCTYANNTRAGGTCAN_2_4	486256	-0.0210387474114463	20.8751255556637	-0.00100784	1
Tp53_HT-SELEX_TCGGGG20NGGT_AK_ACAWGTCNNNNRACAWGT_2_4	1147976	-11.6583675454825	17.1830070084745	-0.678482	1
Tp53_HT-SELEX_TCGGGG20NGGT_AK_ACAWGTCNNNRRCAWGT_2_4	533952	-12.6933773290327	18.16923611505	-0.698619	1
Tp53_HT-SELEX_TCGGGG20NGGT_AK_RACATGYCNNGRCATGTY_2_4	100648	-16.8673922201082	19.6763766956362	-0.857241	1
TP63_HT-SELEX_TTCCTT20NGA_R_RACATGTYNNRACATGTC_2_3	79228	-16.3500843693203	21.0418605682522	-0.777027	1
UNCX_HT-SELEX_TGCAAG20NGA_AF_NTAATYTAATTAN_1_2	13504	-0.844978358867444	10.9898543204159	-0.0768871	1
UNCX_HT-SELEX_TGCAAG20NGA_AF_NYAATTAN_1_2	2596	-4.84623778584973	7.60710980332696	-0.637067	1
Uncx_HT-SELEX_TGGAGC20NCG_P_NTAATYTAATTAN_1_2	13504	-1.26710440516912	12.8435641302394	-0.0986568	1
Uncx_HT-SELEX_TGGAGC20NCG_P_YTAATTAN_1_2	973	-4.20739012952059	8.16941894989147	-0.515017	1
USF1_HT-SELEX_TGACGA20NGCA_Z_RTCACGTGAY_1_2	670	-10.6720924212299	10.5390216629881	-1.01263	1
VAX1_HT-SELEX_TGCCAT20NACC_Z_YTAATTAN_1_2	973	-1.76252916592305	7.87119834752192	-0.223921	1
VAX2_HT-SELEX_TGGTAG20NATT_AF_YTAATTAN_1_3	973	-2.37286855019743	8.05912773144413	-0.294432	1
VDR_HT-SELEX_TATTGT20NCG_AC_GRGTTCANNRRGTTCA_2_3	81152	-7.06870341579823	18.5740316821386	-0.380569	1
Vdr_HT-SELEX_TCCGCA20NCG_Z_RRGTTCANNRRGTTCA_2_3	144896	-15.1291112692889	18.532085643092	-0.816374	1
VENTX_HT-SELEX_TGAAGT30NGAA_AI_NMCRATTAR_1_4	5024	-26.8187821606437	9.79889690961756	-2.73692	1
VENTX_HT-SELEX_TGAAGT30NGAA_AI_SSYTAATCGRWAANCGATTAR_2_4	290560	1.074010731513	24.2613109049702	0.0442685	1
VSX1_HT-SELEX_TCGGGG20NGGT_AE_NNYTAATTANN_1_3	85504	-3.59801873344237	8.84862873905989	-0.406619	1
Vsx1_HT-SELEX_TGCAGA20NCG_P_NYAATTAN_1_2	2596	-3.66107344043661	7.59784667505691	-0.481857	1
VSX1_HT-SELEX_TGGTTC20NTTT_Z_YTAATTAN_1_2	973	-2.2443916409692	8.20269756596747	-0.273616	1
VSX2_HT-SELEX_TCTCCC20NCCG_Z_YTAATTAN_1_2	973	-2.72668467950216	8.76266342445814	-0.311171	1
XBP1_HT-SELEX_TGTTCA20NGA_AC_GATGACGTCATC_2_3	325	-10.7743898320059	14.0738231157897	-0.765562	1
XBP1_HT-SELEX_TGTTCA20NGA_AC_NNNGMCACGTCATC_2_3	59558	-19.7088888267968	14.6246666332659	-1.34765	1
YY1_HT-SELEX_TCCGGC20NCG_AC_NCCGCCATTNN_1_3	17728	-11.679942997738	9.89671895191334	-1.18018	1
YY2_HT-SELEX_TCTTTC20NTTG_Y_NNCCGCCATNW_1_4	29824	-17.2582110743499	11.4176653548202	-1.51154	1
YY2_HT-SELEX_TGAGCA20NGA_AE_NCCGCCATNNT_1_2	17728	-17.7049860301527	10.2877290645224	-1.72098	1
ZBED1_HT-SELEX_TAATAG20NCG_W_NTATCGCGAYATR_2_3	7984	-17.1597108027862	15.7458958057314	-1.08979	1
ZBTB49_HT-SELEX_TCTAAT20NGA_AC_TTTCGCNTGGCNNGTCA_2_4	55168	-31.6241781879599	19.2551542445037	-1.64237	1
ZBTB7A_HT-SELEX_TGAATA20NGA_W_NGCGACCACCNN_1_4	22528	-12.9864159316257	12.8130503425364	-1.01353	1
ZBTB7B_HT-SELEX_TAGCCT20NCG_AC_NCGACCACCGAN_1_3	6976	-16.8224568954424	13.2204244159517	-1.27246	1
ZBTB7C_HT-SELEX_TCGCCA40NCCT_AI_NCGACCACCNAN_1_4	22528	-17.8336101735458	11.6786313066541	-1.52703	1
Zfp652_HT-SELEX_TACGAG20NCG_Z_NNAAAGGGTTAAW_2_4	14944	-18.1834828445644	14.4846002150067	-1.25537	1
Zfp740_HT-SELEX_TCAACC20NCG_Z_NCCCCCCCAC_1_3	1408	-1.056650812433	10.4424488211151	-0.101188	1
ZIC1_HT-SELEX_TCGACT20NCAT_AF_GACCMCCYRMTGNG_2_4	30080	-29.7349582320346	16.6799960555731	-1.78267	1
Zic3_HT-SELEX_TCAAAA20NAAA_AF_GACCMCCYRMTGNGN_2_3	120320	-26.5949370948384	17.0496057317649	-1.55986	1
ZIC3_HT-SELEX_TCACGT20NGCA_AE_GACCCCCYGYTGNGN_2_3	38272	-12.7005752233539	16.4280176392725	-0.773105	1
ZIC4_HT-SELEX_TGAGGC20NGA_AC_GACCCCCYGYTGNGN_2_3	38272	-15.9701386778448	14.6842455712731	-1.08757	1
ZNF143_HT-SELEX_TGCAAG20NCG_V_TWCCCAYAATGCATTG_3_4	3796	-9.22069145890326	18.1945689999985	-0.506783	1
ZNF232_HT-SELEX_TATCAT20NACG_W_RTGTTAAAYGTAGATTAAG_2_4	5524	-0.74281561725973	22.1822942434155	-0.0334869	1
ZNF238_HT-SELEX_TAGTAA20NATT_W_NNTCCAGATGTKN_1_3	48640	-8.52987541264864	13.4072454006791	-0.636214	1
ZNF238_HT-SELEX_TGGTGA20NGA_AC_NNTCCAGATGTKN_1_3	48640	-15.3911728528512	14.0451261996426	-1.09584	1
ZNF282_HT-SELEX_TGCCTG20NGA_AC_CTTTCCCMYAACACKNN_2_4	95360	-8.21209284905565	18.7483033075108	-0.438018	1
ZNF306_HT-SELEX_TAGGGC20NGGT_AD_TGGKCTARCCTCGA_2_4	2824	-9.95866319663335	17.1109268568534	-0.582006	1
ZNF410_HT-SELEX_TGCACT20NGA_AC_NNCATCCCATAATANTC_3_3	55168	-17.4665759218725	19.5997229757186	-0.891164	1
ZNF435_HT-SELEX_TATTTA20NTTG_W_AGTGTTAACAGARCACCT_3_4	2656	0.930187566254968	22.4501685347429	0.0414334	1
ZNF524_HT-SELEX_TCTATG40NTAG_AI_ACCCTTGAACCC_2_5	631	1.41570624815312	15.1612046448571	0.0933769	1
ZNF524_HT-SELEX_TCTATG40NTAG_AI_CTCGRACCCGTGCN_2_5	5344	-13.2916276378953	14.4440847605711	-0.920213	1
ZNF713_HT-SELEX_TAGGAT20NAGT_AD_TAGAYRAYTGMCANGAA_3_4	50240	-36.5053147589497	21.6784366334507	-1.68395	1
ZNF740_HT-SELEX_TGGTCT20NCTT_Y_NCCCCCCCAC_1_4	1408	-1.2656977518141	11.738035521424	-0.107829	1
ZNF740_HT-SELEX_TGTGAG20NGA_AE_NCCCCCCCAC_1_4	1408	-1.9843690446965	12.2321524902717	-0.162226	1
ZNF75A_HT-SELEX_CCATA14N_V_GCTTTTCCCACA_2_4	631	-6.60133052036512	15.0462340589776	-0.438736	1
ZNF784_HT-SELEX_TGCGGG20NGA_AE_GTACCTACCT_1_3	436	-11.3698967169331	12.8315386538919	-0.88609	1
ZSCAN4_HT-SELEX_TCTTTC20NTTG_W_TGCACACNCTGAAAA_2_3	3448	-13.4210772695155	18.0305626036956	-0.744352	1
