JobID	Submit	Cluster	State	ExitCode	User	Group	QOS	AllocCPUS	NNodes	NTasks	TotalCPU	ReqMem	MaxRSS	TimeLimit	ElapsedRaw	CPUTime
29907097_185	2025-09-30T13:15:20	puhti	COMPLETED	1309	0:0	mariaosm	mariaosm		1	1	21:02.557	52428800K	6051K	00:30:00	1309	
29907097_60	2025-09-30T13:15:20	puhti	COMPLETED	49	0:0	mariaosm	mariaosm		1	1		52428800K	6112K	00:30:00	49	
29907097_47	2025-09-30T13:15:20	puhti	COMPLETED	128	0:0	mariaosm	mariaosm		1	1	01:32.384	52428800K	6282K	00:30:00	128	
29907097_186	2025-09-30T13:15:20	puhti	COMPLETED	1224	0:0	mariaosm	mariaosm		1	1	19:55.345	52428800K	6398K	00:30:00	1224	
29907097_61	2025-09-30T13:15:20	puhti	COMPLETED	100	0:0	mariaosm	mariaosm		1	1	01:27.783	52428800K	6317K	00:30:00	100	
29907097_48	2025-09-30T13:15:20	puhti	COMPLETED	97	0:0	mariaosm	mariaosm		1	1	01:26.094	52428800K	6127K	00:30:00	97	
29907097_187	2025-09-30T13:15:20	puhti	COMPLETED	1209	0:0	mariaosm	mariaosm		1	1	19:34.953	52428800K	6255K	00:30:00	1209	
29907097_62	2025-09-30T13:15:20	puhti	COMPLETED	134	0:0	mariaosm	mariaosm		1	1	01:18.333	52428800K	6123K	00:30:00	134	
29907097_49	2025-09-30T13:15:20	puhti	COMPLETED	118	0:0	mariaosm	mariaosm		1	1	01:28.883	52428800K	6144K	00:30:00	118	
29907097_188	2025-09-30T13:15:20	puhti	COMPLETED	979	0:0	mariaosm	mariaosm		1	1	15:53.648	52428800K	6402K	00:30:00	979	
29907097_63	2025-09-30T13:15:20	puhti	COMPLETED	35	0:0	mariaosm	mariaosm		1	1		52428800K	6034K	00:30:00	35	
29910498_301	2025-09-30T15:48:16	puhti	FAILED	40	0:0	mariaosm	mariaosm		1	1		52428800K	5824K	00:30:00	40	
29907097_189	2025-09-30T13:15:20	puhti	COMPLETED	1225	0:0	mariaosm	mariaosm		1	1	20:03.781	52428800K	6088K	00:30:00	1225	
29907097_64	2025-09-30T13:15:20	puhti	COMPLETED	207	0:0	mariaosm	mariaosm		1	1	02:04.529	52428800K	6111K	00:30:00	207	
29910498_302	2025-09-30T15:48:16	puhti	FAILED	43	0:0	mariaosm	mariaosm		1	1		52428800K	5774K	00:30:00	43	
29907097_65	2025-09-30T13:15:20	puhti	COMPLETED	295	0:0	mariaosm	mariaosm		1	1	03:05.841	52428800K	6298K	00:30:00	295	
29910498_303	2025-09-30T15:48:16	puhti	FAILED	70	0:0	mariaosm	mariaosm		1	1	01:03.118	52428800K	5952K	00:30:00	70	
29907097_66	2025-09-30T13:15:20	puhti	COMPLETED	160	0:0	mariaosm	mariaosm		1	1	02:04.917	52428800K	6092K	00:30:00	160	
29910498_304	2025-09-30T15:48:16	puhti	FAILED	61	0:0	mariaosm	mariaosm		1	1		52428800K	6106K	00:30:00	61	
29907317_201	2025-09-30T13:19:42	puhti	COMPLETED	1357	0:0	mariaosm	mariaosm		1	1	21:43.444	52428800K	5864K	00:30:00	1357	
29907097_80	2025-09-30T13:15:20	puhti	COMPLETED	101	0:0	mariaosm	mariaosm		1	1	01:16.641	52428800K	6047K	00:30:00	101	
29907097_67	2025-09-30T13:15:20	puhti	COMPLETED	323	0:0	mariaosm	mariaosm		1	1	02:12.647	52428800K	6524K	00:30:00	323	
29910498_305	2025-09-30T15:48:16	puhti	FAILED	50	0:0	mariaosm	mariaosm		1	1		52428800K	5760K	00:30:00	50	
29907317_202	2025-09-30T13:19:42	puhti	COMPLETED	1389	0:0	mariaosm	mariaosm		1	1	22:29.284	52428800K	5946K	00:30:00	1389	
29907097_81	2025-09-30T13:15:20	puhti	COMPLETED	90	0:0	mariaosm	mariaosm		1	1	01:21.830	52428800K	6026K	00:30:00	90	
29907097_68	2025-09-30T13:15:20	puhti	COMPLETED	168	0:0	mariaosm	mariaosm		1	1	02:31.861	52428800K	6076K	00:30:00	168	
29910498_306	2025-09-30T15:48:16	puhti	FAILED	36	0:0	mariaosm	mariaosm		1	1		52428800K	5748K	00:30:00	36	
29907317_203	2025-09-30T13:19:42	puhti	COMPLETED	1142	0:0	mariaosm	mariaosm		1	1	18:35.920	52428800K	6291K	00:30:00	1142	
29907097_82	2025-09-30T13:15:20	puhti	COMPLETED	117	0:0	mariaosm	mariaosm		1	1	01:24.607	52428800K	6019K	00:30:00	117	
29907097_69	2025-09-30T13:15:20	puhti	COMPLETED	198	0:0	mariaosm	mariaosm		1	1	02:26.702	52428800K	6083K	00:30:00	198	
29910498_320	2025-09-30T15:48:16	puhti	FAILED	47	0:0	mariaosm	mariaosm		1	1		52428800K	6109K	00:30:00	47	
29910498_307	2025-09-30T15:48:16	puhti	FAILED	44	0:0	mariaosm	mariaosm		1	1		52428800K	5766K	00:30:00	44	
29907317_204	2025-09-30T13:19:42	puhti	COMPLETED	1068	0:0	mariaosm	mariaosm		1	1	17:28.412	52428800K	6041K	00:30:00	1068	
29907097_83	2025-09-30T13:15:20	puhti	COMPLETED	65	0:0	mariaosm	mariaosm		1	1		52428800K	6035K	00:30:00	65	
29910498_321	2025-09-30T15:48:16	puhti	FAILED	64	0:0	mariaosm	mariaosm		1	1		52428800K	6271K	00:30:00	64	
29910498_308	2025-09-30T15:48:16	puhti	FAILED	45	0:0	mariaosm	mariaosm		1	1		52428800K	5786K	00:30:00	45	
29907317_205	2025-09-30T13:19:42	puhti	COMPLETED	1198	0:0	mariaosm	mariaosm		1	1	19:10.005	52428800K	6295K	00:30:00	1198	
29907097_84	2025-09-30T13:15:20	puhti	COMPLETED	104	0:0	mariaosm	mariaosm		1	1	01:35.160	52428800K	6175K	00:30:00	104	
29910498_322	2025-09-30T15:48:16	puhti	FAILED	48	0:0	mariaosm	mariaosm		1	1		52428800K	5791K	00:30:00	48	
29910498_309	2025-09-30T15:48:16	puhti	FAILED	39	0:0	mariaosm	mariaosm		1	1		52428800K	5797K	00:30:00	39	
29907317_206	2025-09-30T13:19:42	puhti	COMPLETED	1331	0:0	mariaosm	mariaosm		1	1	21:56.870	52428800K	6004K	00:30:00	1331	
29907097_85	2025-09-30T13:15:20	puhti	COMPLETED	166	0:0	mariaosm	mariaosm		1	1	02:20.454	52428800K	6391K	00:30:00	166	
29910498_323	2025-09-30T15:48:16	puhti	FAILED	49	0:0	mariaosm	mariaosm		1	1		52428800K	5819K	00:30:00	49	
29907317_220	2025-09-30T13:19:42	puhti	COMPLETED	67	0:0	mariaosm	mariaosm		1	1		52428800K	63837017K	00:30:00	67	
29907317_207	2025-09-30T13:19:42	puhti	COMPLETED	1265	0:0	mariaosm	mariaosm		1	1	20:46.272	52428800K	6013K	00:30:00	1265	
29907097_86	2025-09-30T13:15:20	puhti	COMPLETED	89	0:0	mariaosm	mariaosm		1	1	01:19.991	52428800K	6110K	00:30:00	89	
29910498_324	2025-09-30T15:48:16	puhti	FAILED	35	0:0	mariaosm	mariaosm		1	1		52428800K	6212K	00:30:00	35	
29907317_221	2025-09-30T13:19:42	puhti	COMPLETED	97	0:0	mariaosm	mariaosm		1	1		52428800K	70605351K	00:30:00	97	
29907317_208	2025-09-30T13:19:42	puhti	COMPLETED	1378	0:0	mariaosm	mariaosm		1	1	22:17.337	52428800K	5813K	00:30:00	1378	
29907097_87	2025-09-30T13:15:20	puhti	COMPLETED	339	0:0	mariaosm	mariaosm		1	1	04:41.273	52428800K	6290K	00:30:00	339	
29910498_325	2025-09-30T15:48:16	puhti	FAILED	33	0:0	mariaosm	mariaosm		1	1		52428800K	6227K	00:30:00	33	
29907317_222	2025-09-30T13:19:42	puhti	COMPLETED	68	0:0	mariaosm	mariaosm		1	1		52428800K	76481194K	00:30:00	68	
29907317_209	2025-09-30T13:19:42	puhti	COMPLETED	1453	0:0	mariaosm	mariaosm		1	1	23:30.029	52428800K	5831K	00:30:00	1453	
29907097_88	2025-09-30T13:15:20	puhti	COMPLETED	458	0:0	mariaosm	mariaosm		1	1	06:52.990	52428800K	6405K	00:30:00	458	
29910498_326	2025-09-30T15:48:16	puhti	FAILED	30	0:0	mariaosm	mariaosm		1	1		52428800K	3274K	00:30:00	31	
29907317_223	2025-09-30T13:19:42	puhti	COMPLETED	34	0:0	mariaosm	mariaosm		1	1		52428800K	5917K	00:30:00	34	
29907097_89	2025-09-30T13:15:20	puhti	COMPLETED	284	0:0	mariaosm	mariaosm		1	1	03:51.109	52428800K	5968K	00:30:00	284	
29910498_340	2025-09-30T15:48:16	puhti	FAILED	44	0:0	mariaosm	mariaosm		1	1		52428800K	6084K	00:30:00	44	
29910498_327	2025-09-30T15:48:16	puhti	FAILED	36	0:0	mariaosm	mariaosm		1	1		52428800K	6165K	00:30:00	36	
29907317_224	2025-09-30T13:19:42	puhti	COMPLETED	65	0:0	mariaosm	mariaosm		1	1		52428800K	94549192K	00:30:00	65	
29910498_341	2025-09-30T15:48:16	puhti	FAILED	52	0:0	mariaosm	mariaosm		1	1		52428800K	6118K	00:30:00	52	
29910498_328	2025-09-30T15:48:16	puhti	FAILED	36	0:0	mariaosm	mariaosm		1	1		52428800K	6164K	00:30:00	36	
29907317_225	2025-09-30T13:19:42	puhti	COMPLETED	124	0:0	mariaosm	mariaosm		1	1	01:07.878	52428800K	94706425K	00:30:00	124	
29910498_342	2025-09-30T15:48:16	puhti	FAILED	53	0:0	mariaosm	mariaosm		1	1		52428800K	6025K	00:30:00	54	
29910498_329	2025-09-30T15:48:16	puhti	FAILED	36	0:0	mariaosm	mariaosm		1	1		52428800K	5936K	00:30:00	36	
29907317_226	2025-09-30T13:19:42	puhti	COMPLETED	68	0:0	mariaosm	mariaosm		1	1		52428800K	72852885K	00:30:00	68	
29910498_343	2025-09-30T15:48:16	puhti	FAILED	40	0:0	mariaosm	mariaosm		1	1		52428800K	6006K	00:30:00	40	
29907317_240	2025-09-30T13:19:42	puhti	COMPLETED	130	0:0	mariaosm	mariaosm		1	1		52428800K	88644064K	00:30:00	130	
29907317_227	2025-09-30T13:19:42	puhti	COMPLETED	68	0:0	mariaosm	mariaosm		1	1		52428800K	84054126K	00:30:00	68	
29910498_344	2025-09-30T15:48:16	puhti	FAILED	36	0:0	mariaosm	mariaosm		1	1		52428800K	6046K	00:30:00	36	
29907317_241	2025-09-30T13:19:42	puhti	COMPLETED	68	0:0	mariaosm	mariaosm		1	1		52428800K	87323815K	00:30:00	68	
29907317_228	2025-09-30T13:19:42	puhti	COMPLETED	128	0:0	mariaosm	mariaosm		1	1	01:01.796	52428800K	6158K	00:30:00	128	
29910498_345	2025-09-30T15:48:16	puhti	FAILED	40	0:0	mariaosm	mariaosm		1	1		52428800K	6106K	00:30:00	40	
29907317_242	2025-09-30T13:19:42	puhti	COMPLETED	67	0:0	mariaosm	mariaosm		1	1		52428800K	61834087K	00:30:00	67	
29907317_229	2025-09-30T13:19:42	puhti	COMPLETED	67	0:0	mariaosm	mariaosm		1	1		52428800K	85601390K	00:30:00	67	
29910498_346	2025-09-30T15:48:16	puhti	FAILED	49	0:0	mariaosm	mariaosm		1	1		52428800K	6097K	00:30:00	49	
29907317_243	2025-09-30T13:19:42	puhti	COMPLETED	96	0:0	mariaosm	mariaosm		1	1		52428800K	67385111K	00:30:00	96	
29910498_347	2025-09-30T15:48:16	puhti	FAILED	53	0:0	mariaosm	mariaosm		1	1		52428800K	6099K	00:30:00	53	
29907317_244	2025-09-30T13:19:42	puhti	COMPLETED	68	0:0	mariaosm	mariaosm		1	1		52428800K	90417749K	00:30:00	68	
29910498_348	2025-09-30T15:48:16	puhti	FAILED	53	0:0	mariaosm	mariaosm		1	1		52428800K	6099K	00:30:00	53	
29907317_245	2025-09-30T13:19:42	puhti	COMPLETED	67	0:0	mariaosm	mariaosm		1	1		52428800K	87710446K	00:30:00	67	
29910498_349	2025-09-30T15:48:16	puhti	FAILED	43	0:0	mariaosm	mariaosm		1	1		52428800K	6103K	00:30:00	43	
29907317_246	2025-09-30T13:19:42	puhti	COMPLETED	128	0:0	mariaosm	mariaosm		1	1		52428800K	6262K	00:30:00	128	
29907317_260	2025-09-30T13:19:42	puhti	COMPLETED	65	0:0	mariaosm	mariaosm		1	1		52428800K	6085K	00:30:00	65	
29907317_247	2025-09-30T13:19:42	puhti	COMPLETED	69	0:0	mariaosm	mariaosm		1	1		52428800K	78540552K	00:30:00	69	
29907317_261	2025-09-30T13:19:42	puhti	COMPLETED	67	0:0	mariaosm	mariaosm		1	1		52428800K	63137765K	00:30:00	67	
29907317_248	2025-09-30T13:19:42	puhti	COMPLETED	70	0:0	mariaosm	mariaosm		1	1		52428800K	82305201K	00:30:00	70	
29907317_262	2025-09-30T13:19:42	puhti	COMPLETED	128	0:0	mariaosm	mariaosm		1	1	01:04.322	52428800K	6306K	00:30:00	128	
29907317_249	2025-09-30T13:19:42	puhti	COMPLETED	98	0:0	mariaosm	mariaosm		1	1		52428800K	66837819K	00:30:00	98	
29907317_263	2025-09-30T13:19:42	puhti	COMPLETED	68	0:0	mariaosm	mariaosm		1	1		52428800K	68182754K	00:30:00	68	
29907317_264	2025-09-30T13:19:42	puhti	COMPLETED	68	0:0	mariaosm	mariaosm		1	1		52428800K	74647614K	00:30:00	68	
29906959_10	2025-09-30T13:08:38	puhti	COMPLETED	38	0:0	mariaosm	mariaosm		1	1		52428800K	6383K	00:30:00	38	
29907317_265	2025-09-30T13:19:42	puhti	COMPLETED	70	0:0	mariaosm	mariaosm		1	1		52428800K	85605721K	00:30:00	70	
29907317_266	2025-09-30T13:19:42	puhti	COMPLETED	70	0:0	mariaosm	mariaosm		1	1		52428800K	84593960K	00:30:00	70	
29907317_300	2025-09-30T13:19:42	puhti	FAILED	29	0:0	mariaosm	mariaosm		1	1		52428800K	3208K	00:30:00	29	
29907317_280	2025-09-30T13:19:42	puhti	FAILED	34	0:0	mariaosm	mariaosm		1	1		52428800K	6113K	00:30:00	34	
29907317_267	2025-09-30T13:19:42	puhti	COMPLETED	68	0:0	mariaosm	mariaosm		1	1		52428800K	74749093K	00:30:00	68	
29907097_110	2025-09-30T13:15:20	puhti	COMPLETED	363	0:0	mariaosm	mariaosm		1	1	04:23.217	52428800K	6105K	00:30:00	363	
29907317_281	2025-09-30T13:19:42	puhti	FAILED	31	0:0	mariaosm	mariaosm		1	1		52428800K	6249K	00:30:00	31	
29907317_268	2025-09-30T13:19:42	puhti	COMPLETED	127	0:0	mariaosm	mariaosm		1	1	01:02.021	52428800K	6495K	00:30:00	127	
29907097_111	2025-09-30T13:15:20	puhti	COMPLETED	279	0:0	mariaosm	mariaosm		1	1	03:53.907	52428800K	737076K	00:30:00	279	
29907317_282	2025-09-30T13:19:42	puhti	FAILED	48	0:0	mariaosm	mariaosm		1	1		52428800K	6021K	00:30:00	48	
29907317_269	2025-09-30T13:19:42	puhti	COMPLETED	69	0:0	mariaosm	mariaosm		1	1		52428800K	83719189K	00:30:00	69	
29907097_112	2025-09-30T13:15:20	puhti	COMPLETED	237	0:0	mariaosm	mariaosm		1	1	02:58.069	52428800K	6133K	00:30:00	237	
29907317_283	2025-09-30T13:19:42	puhti	FAILED	70	0:0	mariaosm	mariaosm		1	1		52428800K	5898K	00:30:00	70	
29907097_113	2025-09-30T13:15:20	puhti	COMPLETED	189	0:0	mariaosm	mariaosm		1	1	02:40.708	52428800K	6099K	00:30:00	189	
29907317_284	2025-09-30T13:19:42	puhti	FAILED	66	0:0	mariaosm	mariaosm		1	1		52428800K	5926K	00:30:00	66	
29907097_114	2025-09-30T13:15:20	puhti	COMPLETED	186	0:0	mariaosm	mariaosm		1	1	02:19.592	52428800K	6112K	00:30:00	186	
29907317_285	2025-09-30T13:19:42	puhti	FAILED	64	0:0	mariaosm	mariaosm		1	1		52428800K	5879K	00:30:00	64	
29907097_115	2025-09-30T13:15:20	puhti	COMPLETED	240	0:0	mariaosm	mariaosm		1	1	03:03.475	52428800K	6286K	00:30:00	240	
29907317_286	2025-09-30T13:19:42	puhti	FAILED	82	0:0	mariaosm	mariaosm		1	1		52428800K	6396K	00:30:00	82	
29907097_116	2025-09-30T13:15:20	puhti	COMPLETED	339	0:0	mariaosm	mariaosm		1	1	05:02.419	52428800K	6508K	00:30:00	339	
29907317_287	2025-09-30T13:19:42	puhti	FAILED	70	0:0	mariaosm	mariaosm		1	1		52428800K	6135K	00:30:00	70	
29907097_130	2025-09-30T13:15:20	puhti	COMPLETED	347	0:0	mariaosm	mariaosm		1	1	05:22.269	52428800K	6234K	00:30:00	347	
29907097_117	2025-09-30T13:15:20	puhti	COMPLETED	383	0:0	mariaosm	mariaosm		1	1	05:24.034	52428800K	6508K	00:30:00	383	
29907317_288	2025-09-30T13:19:42	puhti	FAILED	43	0:0	mariaosm	mariaosm		1	1		52428800K	6476K	00:30:00	43	
29907097_131	2025-09-30T13:15:20	puhti	COMPLETED	339	0:0	mariaosm	mariaosm		1	1	05:13.312	52428800K	6090K	00:30:00	339	
29907097_118	2025-09-30T13:15:20	puhti	COMPLETED	621	0:0	mariaosm	mariaosm		1	1	09:40.129	52428800K	6115K	00:30:00	621	
29907317_289	2025-09-30T13:19:42	puhti	FAILED	36	0:0	mariaosm	mariaosm		1	1		52428800K	6134K	00:30:00	36	
29907097_132	2025-09-30T13:15:20	puhti	COMPLETED	417	0:0	mariaosm	mariaosm		1	1	05:48.059	52428800K	6541K	00:30:00	417	
29907097_119	2025-09-30T13:15:20	puhti	COMPLETED	251	0:0	mariaosm	mariaosm		1	1	03:50.701	52428800K	6013K	00:30:00	251	
29907097_133	2025-09-30T13:15:20	puhti	COMPLETED	476	0:0	mariaosm	mariaosm		1	1	07:15.146	52428800K	6116K	00:30:00	476	
29907097_134	2025-09-30T13:15:20	puhti	COMPLETED	481	0:0	mariaosm	mariaosm		1	1	07:08.395	52428800K	6033K	00:30:00	481	
29907097_135	2025-09-30T13:15:20	puhti	COMPLETED	533	0:0	mariaosm	mariaosm		1	1	07:57.459	52428800K	6114K	00:30:00	533	
29907097_136	2025-09-30T13:15:20	puhti	COMPLETED	420	0:0	mariaosm	mariaosm		1	1	06:19.127	52428800K	5932K	00:30:00	420	
29907097_11	2025-09-30T13:15:20	puhti	COMPLETED	55	0:0	mariaosm	mariaosm		1	1		52428800K	5926K	00:30:00	56	
29907097_150	2025-09-30T13:15:20	puhti	COMPLETED	869	0:0	mariaosm	mariaosm		1	1	14:05.882	52428800K	8404904K	00:30:00	869	
29907097_137	2025-09-30T13:15:20	puhti	COMPLETED	376	0:0	mariaosm	mariaosm		1	1	05:23.164	52428800K	8404959K	00:30:00	376	
29907097_12	2025-09-30T13:15:20	puhti	COMPLETED	41	0:0	mariaosm	mariaosm		1	1		52428800K	6278K	00:30:00	41	
29907097_151	2025-09-30T13:15:20	puhti	COMPLETED	580	0:0	mariaosm	mariaosm		1	1	08:50.470	52428800K	8404767K	00:30:00	580	
29907097_138	2025-09-30T13:15:20	puhti	COMPLETED	355	0:0	mariaosm	mariaosm		1	1	05:23.121	52428800K	8404018K	00:30:00	355	
29907097_13	2025-09-30T13:15:20	puhti	COMPLETED	44	0:0	mariaosm	mariaosm		1	1		52428800K	6044K	00:30:00	44	
29907097_152	2025-09-30T13:15:20	puhti	COMPLETED	632	0:0	mariaosm	mariaosm		1	1	09:15.442	52428800K	8404813K	00:30:00	632	
29907097_139	2025-09-30T13:15:20	puhti	COMPLETED	331	0:0	mariaosm	mariaosm		1	1	04:36.860	52428800K	8403194K	00:30:00	331	
29907097_14	2025-09-30T13:15:20	puhti	COMPLETED	35	0:0	mariaosm	mariaosm		1	1		52428800K	5962K	00:30:00	35	
29907097_153	2025-09-30T13:15:20	puhti	COMPLETED	649	0:0	mariaosm	mariaosm		1	1	10:07.397	52428800K	8404786K	00:30:00	649	
29907097_15	2025-09-30T13:15:20	puhti	COMPLETED	60	0:0	mariaosm	mariaosm		1	1		52428800K	5984K	00:30:00	60	
29907097_154	2025-09-30T13:15:20	puhti	COMPLETED	615	0:0	mariaosm	mariaosm		1	1	09:42.936	52428800K	8404782K	00:30:00	615	
29907097_16	2025-09-30T13:15:20	puhti	COMPLETED	50	0:0	mariaosm	mariaosm		1	1		52428800K	5782K	00:30:00	50	
29907097_155	2025-09-30T13:15:20	puhti	COMPLETED	540	0:0	mariaosm	mariaosm		1	1	08:08.762	52428800K	8404773K	00:30:00	540	
29907097_17	2025-09-30T13:15:20	puhti	COMPLETED	54	0:0	mariaosm	mariaosm		1	1		52428800K	5817K	00:30:00	54	
29907097_30	2025-09-30T13:15:20	puhti	COMPLETED	45	0:0	mariaosm	mariaosm		1	1		52428800K	6114K	00:30:00	45	
29907097_156	2025-09-30T13:15:20	puhti	COMPLETED	536	0:0	mariaosm	mariaosm		1	1	07:59.974	52428800K	8404747K	00:30:00	536	
29907097_18	2025-09-30T13:15:20	puhti	COMPLETED	51	0:0	mariaosm	mariaosm		1	1		52428800K	5797K	00:30:00	51	
29907097_31	2025-09-30T13:15:20	puhti	COMPLETED	35	0:0	mariaosm	mariaosm		1	1		52428800K	5951K	00:30:00	36	
29907097_170	2025-09-30T13:15:20	puhti	COMPLETED	572	0:0	mariaosm	mariaosm		1	1	08:29.526	52428800K	8404772K	00:30:00	572	
29907097_157	2025-09-30T13:15:20	puhti	COMPLETED	616	0:0	mariaosm	mariaosm		1	1	09:25.981	52428800K	8404935K	00:30:00	616	
29907097_19	2025-09-30T13:15:20	puhti	COMPLETED	45	0:0	mariaosm	mariaosm		1	1		52428800K	6192K	00:30:00	45	
29907097_32	2025-09-30T13:15:20	puhti	COMPLETED	34	0:0	mariaosm	mariaosm		1	1		52428800K	6014K	00:30:00	34	
29907097_171	2025-09-30T13:15:20	puhti	COMPLETED	690	0:0	mariaosm	mariaosm		1	1	10:09.937	52428800K	8404954K	00:30:00	690	
29907097_158	2025-09-30T13:15:20	puhti	COMPLETED	605	0:0	mariaosm	mariaosm		1	1	09:31.990	52428800K	8404853K	00:30:00	605	
29907097_33	2025-09-30T13:15:20	puhti	COMPLETED	34	0:0	mariaosm	mariaosm		1	1		52428800K	6031K	00:30:00	34	
29907097_172	2025-09-30T13:15:20	puhti	COMPLETED	527	0:0	mariaosm	mariaosm		1	1	07:42.102	52428800K	8404934K	00:30:00	527	
29907097_159	2025-09-30T13:15:20	puhti	COMPLETED	562	0:0	mariaosm	mariaosm		1	1	08:54.772	52428800K	8404805K	00:30:00	562	
29907097_34	2025-09-30T13:15:20	puhti	COMPLETED	42	0:0	mariaosm	mariaosm		1	1		52428800K	5928K	00:30:00	42	
29907097_173	2025-09-30T13:15:20	puhti	COMPLETED	569	0:0	mariaosm	mariaosm		1	1	08:19.969	52428800K	8404932K	00:30:00	569	
29907097_35	2025-09-30T13:15:20	puhti	COMPLETED	40	0:0	mariaosm	mariaosm		1	1		52428800K	5935K	00:30:00	40	
29907097_174	2025-09-30T13:15:20	puhti	COMPLETED	778	0:0	mariaosm	mariaosm		1	1	12:06.382	52428800K	6533K	00:30:00	778	
29907097_36	2025-09-30T13:15:20	puhti	COMPLETED	53	0:0	mariaosm	mariaosm		1	1		52428800K	5925K	00:30:00	53	
29907097_175	2025-09-30T13:15:20	puhti	COMPLETED	1071	0:0	mariaosm	mariaosm		1	1	17:30.731	52428800K	5963K	00:30:00	1071	
29907097_50	2025-09-30T13:15:20	puhti	COMPLETED	97	0:0	mariaosm	mariaosm		1	1	01:23.484	52428800K	6122K	00:30:00	97	
29907097_37	2025-09-30T13:15:20	puhti	COMPLETED	68	0:0	mariaosm	mariaosm		1	1		52428800K	6138K	00:30:00	68	
29907097_176	2025-09-30T13:15:20	puhti	COMPLETED	1068	0:0	mariaosm	mariaosm		1	1	17:23.945	52428800K	5966K	00:30:00	1068	
29907097_51	2025-09-30T13:15:20	puhti	COMPLETED	101	0:0	mariaosm	mariaosm		1	1	01:19.102	52428800K	6099K	00:30:00	101	
29907097_38	2025-09-30T13:15:20	puhti	COMPLETED	44	0:0	mariaosm	mariaosm		1	1		52428800K	6122K	00:30:00	44	
29907097_190	2025-09-30T13:15:20	puhti	COMPLETED	1291	0:0	mariaosm	mariaosm		1	1	21:01.726	52428800K	6061K	00:30:00	1291	
29907097_177	2025-09-30T13:15:20	puhti	COMPLETED	1012	0:0	mariaosm	mariaosm		1	1	15:55.381	52428800K	6018K	00:30:00	1012	
29907097_52	2025-09-30T13:15:20	puhti	COMPLETED	90	0:0	mariaosm	mariaosm		1	1	01:09.429	52428800K	6128K	00:30:00	90	
29907097_39	2025-09-30T13:15:20	puhti	COMPLETED	36	0:0	mariaosm	mariaosm		1	1		52428800K	6137K	00:30:00	36	
29907097_191	2025-09-30T13:15:20	puhti	COMPLETED	1275	0:0	mariaosm	mariaosm		1	1	20:31.814	52428800K	6074K	00:30:00	1275	
29907097_178	2025-09-30T13:15:20	puhti	COMPLETED	1068	0:0	mariaosm	mariaosm		1	1	17:23.552	52428800K	6409K	00:30:00	1068	
29907097_53	2025-09-30T13:15:20	puhti	COMPLETED	106	0:0	mariaosm	mariaosm		1	1	01:07.985	52428800K	6279K	00:30:00	106	
29907097_192	2025-09-30T13:15:20	puhti	COMPLETED	1383	0:0	mariaosm	mariaosm		1	1	22:20.751	52428800K	6109K	00:30:00	1383	
29907097_179	2025-09-30T13:15:20	puhti	COMPLETED	1024	0:0	mariaosm	mariaosm		1	1	16:35.266	52428800K	6142K	00:30:00	1024	
29907097_54	2025-09-30T13:15:20	puhti	COMPLETED	85	0:0	mariaosm	mariaosm		1	1	01:08.080	52428800K	6091K	00:30:00	85	
29907097_193	2025-09-30T13:15:20	puhti	COMPLETED	1399	0:0	mariaosm	mariaosm		1	1	22:42.015	52428800K	6121K	00:30:00	1399	
29907097_55	2025-09-30T13:15:20	puhti	COMPLETED	72	0:0	mariaosm	mariaosm		1	1	01:04.231	52428800K	6091K	00:30:00	72	
29907097_194	2025-09-30T13:15:20	puhti	COMPLETED	1305	0:0	mariaosm	mariaosm		1	1	21:07.793	52428800K	6509K	00:30:00	1305	
29907097_56	2025-09-30T13:15:20	puhti	COMPLETED	90	0:0	mariaosm	mariaosm		1	1	01:08.332	52428800K	6120K	00:30:00	90	
29907097_195	2025-09-30T13:15:20	puhti	COMPLETED	1207	0:0	mariaosm	mariaosm		1	1	19:25.185	52428800K	6091K	00:30:00	1207	
29907097_70	2025-09-30T13:15:20	puhti	COMPLETED	184	0:0	mariaosm	mariaosm		1	1	02:18.300	52428800K	6088K	00:30:00	184	
29907097_57	2025-09-30T13:15:20	puhti	COMPLETED	86	0:0	mariaosm	mariaosm		1	1	01:12.930	52428800K	5932K	00:30:00	86	
29907097_196	2025-09-30T13:15:20	puhti	COMPLETED	1257	0:0	mariaosm	mariaosm		1	1	20:19.537	52428800K	6251K	00:30:00	1257	
29907097_71	2025-09-30T13:15:20	puhti	COMPLETED	202	0:0	mariaosm	mariaosm		1	1	02:20.181	52428800K	6091K	00:30:00	202	
29907097_58	2025-09-30T13:15:20	puhti	COMPLETED	68	0:0	mariaosm	mariaosm		1	1		52428800K	5945K	00:30:00	68	
29907097_197	2025-09-30T13:15:20	puhti	COMPLETED	1459	0:0	mariaosm	mariaosm		1	1	23:37.327	52428800K	5998K	00:30:00	1459	
29907097_72	2025-09-30T13:15:20	puhti	COMPLETED	229	0:0	mariaosm	mariaosm		1	1	02:29.578	52428800K	6023K	00:30:00	229	
29907097_59	2025-09-30T13:15:20	puhti	COMPLETED	76	0:0	mariaosm	mariaosm		1	1		52428800K	5924K	00:30:00	76	
29910498_310	2025-09-30T15:48:16	puhti	FAILED	32	0:0	mariaosm	mariaosm		1	1		52428800K	5878K	00:30:00	32	
29907097_198	2025-09-30T13:15:20	puhti	COMPLETED	1272	0:0	mariaosm	mariaosm		1	1	20:37.972	52428800K	6068K	00:30:00	1272	
29907097_73	2025-09-30T13:15:20	puhti	COMPLETED	217	0:0	mariaosm	mariaosm		1	1	02:26.717	52428800K	5996K	00:30:00	217	
29910498_311	2025-09-30T15:48:16	puhti	FAILED	27	0:0	mariaosm	mariaosm		1	1		52428800K	3274K	00:30:00	27	
29907097_199	2025-09-30T13:15:20	puhti	COMPLETED	1270	0:0	mariaosm	mariaosm		1	1	20:32.030	52428800K	6075K	00:30:00	1270	
29907097_74	2025-09-30T13:15:20	puhti	COMPLETED	170	0:0	mariaosm	mariaosm		1	1	02:27.286	52428800K	5946K	00:30:00	170	
29906959_0	2025-09-30T13:08:38	puhti	COMPLETED	17	0:0	mariaosm	mariaosm		1	1		52428800K	5948K	00:30:00	17	
29910498_312	2025-09-30T15:48:16	puhti	FAILED	39	0:0	mariaosm	mariaosm		1	1		52428800K	6110K	00:30:00	39	
29907097_75	2025-09-30T13:15:20	puhti	COMPLETED	176	0:0	mariaosm	mariaosm		1	1	02:17.298	52428800K	6122K	00:30:00	176	
29906959_1	2025-09-30T13:08:38	puhti	COMPLETED	14	0:0	mariaosm	mariaosm		1	1		52428800K	6219K	00:30:00	14	
29910498_313	2025-09-30T15:48:16	puhti	FAILED	45	0:0	mariaosm	mariaosm		1	1		52428800K	6119K	00:30:00	45	
29907317_210	2025-09-30T13:19:42	puhti	COMPLETED	1320	0:0	mariaosm	mariaosm		1	1	21:20.587	52428800K	5787K	00:30:00	1320	
29907097_76	2025-09-30T13:15:20	puhti	COMPLETED	206	0:0	mariaosm	mariaosm		1	1	02:28.034	52428800K	6369K	00:30:00	206	
29906959_2	2025-09-30T13:08:38	puhti	COMPLETED	22	0:0	mariaosm	mariaosm		1	1		52428800K	6012K	00:30:00	22	
29910498_314	2025-09-30T15:48:16	puhti	FAILED	41	0:0	mariaosm	mariaosm		1	1		52428800K	6111K	00:30:00	41	
29907317_211	2025-09-30T13:19:42	puhti	COMPLETED	1420	0:0	mariaosm	mariaosm		1	1	23:13.807	52428800K	6231K	00:30:00	1420	
29907097_90	2025-09-30T13:15:20	puhti	COMPLETED	363	0:0	mariaosm	mariaosm		1	1	04:53.941	52428800K	6174K	00:30:00	363	
29907097_77	2025-09-30T13:15:20	puhti	COMPLETED	213	0:0	mariaosm	mariaosm		1	1	02:22.235	52428800K	6247K	00:30:00	213	
29906959_3	2025-09-30T13:08:38	puhti	COMPLETED	13	0:0	mariaosm	mariaosm		1	1		52428800K	5982K	00:30:00	13	
29910498_315	2025-09-30T15:48:16	puhti	FAILED	44	0:0	mariaosm	mariaosm		1	1		52428800K	6114K	00:30:00	44	
29907317_212	2025-09-30T13:19:42	puhti	COMPLETED	1409	0:0	mariaosm	mariaosm		1	1	22:57.656	52428800K	6400K	00:30:00	1409	
29907097_91	2025-09-30T13:15:20	puhti	COMPLETED	313	0:0	mariaosm	mariaosm		1	1	03:44.877	52428800K	6207K	00:30:00	313	
29907097_78	2025-09-30T13:15:20	puhti	COMPLETED	238	0:0	mariaosm	mariaosm		1	1	02:23.112	52428800K	6248K	00:30:00	238	
29906959_4	2025-09-30T13:08:38	puhti	COMPLETED	15	0:0	mariaosm	mariaosm		1	1		52428800K	5967K	00:30:00	15	
29910498_316	2025-09-30T15:48:16	puhti	FAILED	39	0:0	mariaosm	mariaosm		1	1		52428800K	6100K	00:30:00	39	
29907317_213	2025-09-30T13:19:42	puhti	COMPLETED	1383	0:0	mariaosm	mariaosm		1	1	22:28.294	52428800K	6406K	00:30:00	1383	
29907097_92	2025-09-30T13:15:20	puhti	COMPLETED	297	0:0	mariaosm	mariaosm		1	1	03:49.399	52428800K	6116K	00:30:00	297	
29907097_79	2025-09-30T13:15:20	puhti	COMPLETED	93	0:0	mariaosm	mariaosm		1	1	01:13.265	52428800K	6081K	00:30:00	93	
29906959_5	2025-09-30T13:08:38	puhti	COMPLETED	25	0:0	mariaosm	mariaosm		1	1		52428800K	5799K	00:30:00	25	
29910498_330	2025-09-30T15:48:16	puhti	FAILED	36	0:0	mariaosm	mariaosm		1	1		52428800K	5930K	00:30:00	36	
29910498_317	2025-09-30T15:48:16	puhti	FAILED	57	0:0	mariaosm	mariaosm		1	1		52428800K	6109K	00:30:00	57	
29907317_214	2025-09-30T13:19:42	puhti	COMPLETED	1629	0:0	mariaosm	mariaosm		1	1	26:33.830	52428800K	6037K	00:30:00	1629	
29907097_93	2025-09-30T13:15:20	puhti	COMPLETED	274	0:0	mariaosm	mariaosm		1	1	03:44.005	52428800K	6124K	00:30:00	274	
29906959_6	2025-09-30T13:08:38	puhti	COMPLETED	25	0:0	mariaosm	mariaosm		1	1		52428800K	5779K	00:30:00	25	
29910498_331	2025-09-30T15:48:16	puhti	FAILED	40	0:0	mariaosm	mariaosm		1	1		52428800K	5933K	00:30:00	40	
29910498_318	2025-09-30T15:48:16	puhti	FAILED	56	0:0	mariaosm	mariaosm		1	1		52428800K	5758K	00:30:00	56	
29907317_215	2025-09-30T13:19:42	puhti	COMPLETED	1495	0:0	mariaosm	mariaosm		1	1	24:13.354	52428800K	5777K	00:30:00	1495	
29907097_94	2025-09-30T13:15:20	puhti	COMPLETED	315	0:0	mariaosm	mariaosm		1	1	04:04.349	52428800K	6086K	00:30:00	315	
29906959_7	2025-09-30T13:08:38	puhti	COMPLETED	22	0:0	mariaosm	mariaosm		1	1		52428800K	5806K	00:30:00	22	
29910498_332	2025-09-30T15:48:16	puhti	FAILED	45	0:0	mariaosm	mariaosm		1	1		52428800K	6182K	00:30:00	45	
29910498_319	2025-09-30T15:48:16	puhti	FAILED	68	0:0	mariaosm	mariaosm		1	1		52428800K	5772K	00:30:00	68	
29907317_216	2025-09-30T13:19:42	puhti	COMPLETED	1513	0:0	mariaosm	mariaosm		1	1	24:35.768	52428800K	5822K	00:30:00	1513	
29907097_95	2025-09-30T13:15:20	puhti	COMPLETED	291	0:0	mariaosm	mariaosm		1	1	04:08.670	52428800K	6155K	00:30:00	291	
29906959_8	2025-09-30T13:08:38	puhti	COMPLETED	27	0:0	mariaosm	mariaosm		1	1		52428800K	6218K	00:30:00	27	
29910498_333	2025-09-30T15:48:16	puhti	FAILED	60	0:0	mariaosm	mariaosm		1	1		52428800K	6171K	00:30:00	60	
29907317_230	2025-09-30T13:19:42	puhti	COMPLETED	68	0:0	mariaosm	mariaosm		1	1		52428800K	95343882K	00:30:00	68	
29907317_217	2025-09-30T13:19:42	puhti	COMPLETED	1379	0:0	mariaosm	mariaosm		1	1	22:28.771	52428800K	6121K	00:30:00	1379	
29907097_96	2025-09-30T13:15:20	puhti	COMPLETED	427	0:0	mariaosm	mariaosm		1	1	04:11.249	52428800K	6414K	00:30:00	427	
29906959_9	2025-09-30T13:08:38	puhti	COMPLETED	39	0:0	mariaosm	mariaosm		1	1		52428800K	6412K	00:30:00	39	
29910498_334	2025-09-30T15:48:16	puhti	FAILED	76	0:0	mariaosm	mariaosm		1	1	01:05.945	52428800K	6286K	00:30:00	76	
29907317_231	2025-09-30T13:19:42	puhti	COMPLETED	68	0:0	mariaosm	mariaosm		1	1		52428800K	77270857K	00:30:00	68	
29907317_218	2025-09-30T13:19:42	puhti	COMPLETED	68	0:0	mariaosm	mariaosm		1	1		52428800K	90686905K	00:30:00	68	
29907097_97	2025-09-30T13:15:20	puhti	COMPLETED	439	0:0	mariaosm	mariaosm		1	1	06:35.899	52428800K	6145K	00:30:00	439	
29910498_335	2025-09-30T15:48:16	puhti	FAILED	55	0:0	mariaosm	mariaosm		1	1		52428800K	6120K	00:30:00	55	
29907317_232	2025-09-30T13:19:42	puhti	COMPLETED	69	0:0	mariaosm	mariaosm		1	1		52428800K	85802115K	00:30:00	69	
29907317_219	2025-09-30T13:19:42	puhti	COMPLETED	98	0:0	mariaosm	mariaosm		1	1		52428800K	75808440K	00:30:00	98	
29907097_98	2025-09-30T13:15:20	puhti	COMPLETED	341	0:0	mariaosm	mariaosm		1	1	05:05.480	52428800K	6244K	00:30:00	341	
29910498_336	2025-09-30T15:48:16	puhti	FAILED	38	0:0	mariaosm	mariaosm		1	1		52428800K	6051K	00:30:00	38	
29907317_233	2025-09-30T13:19:42	puhti	COMPLETED	32	0:0	mariaosm	mariaosm		1	1		52428800K	6124K	00:30:00	32	
29907097_99	2025-09-30T13:15:20	puhti	COMPLETED	397	0:0	mariaosm	mariaosm		1	1	06:02.584	52428800K	6275K	00:30:00	397	
29910498_350	2025-09-30T15:48:16	puhti	FAILED	55	0:0	mariaosm	mariaosm		1	1		52428800K	6113K	00:30:00	55	
29910498_337	2025-09-30T15:48:16	puhti	FAILED	35	0:0	mariaosm	mariaosm		1	1		52428800K	6039K	00:30:00	35	
29907317_234	2025-09-30T13:19:42	puhti	CANCELLED	1808	0:0	mariaosm	mariaosm		1	1		52428800K	6239K	00:30:00	66562	18:29:22
29910498_351	2025-09-30T15:48:16	puhti	FAILED	47	0:0	mariaosm	mariaosm		1	1		52428800K	5928K	00:30:00	47	
29910498_338	2025-09-30T15:48:16	puhti	FAILED	32	0:0	mariaosm	mariaosm		1	1		52428800K	6023K	00:30:00	32	
29907317_235	2025-09-30T13:19:42	puhti	CANCELLED	296	0:0	mariaosm	mariaosm		1	1		52428800K	6109K	00:30:00	66560	18:29:20
29910498_352	2025-09-30T15:48:16	puhti	FAILED	40	0:0	mariaosm	mariaosm		1	1		52428800K	5938K	00:30:00	40	
29910498_339	2025-09-30T15:48:16	puhti	FAILED	40	0:0	mariaosm	mariaosm		1	1		52428800K	6165K	00:30:00	40	
29907317_236	2025-09-30T13:19:42	puhti	COMPLETED	64	0:0	mariaosm	mariaosm		1	1		52428800K	99838500K	00:30:00	64	
29910498_353	2025-09-30T15:48:16	puhti	FAILED	53	0:0	mariaosm	mariaosm		1	1		52428800K	5925K	00:30:00	53	
29907317_250	2025-09-30T13:19:42	puhti	COMPLETED	129	0:0	mariaosm	mariaosm		1	1	01:05.001	52428800K	96799075K	00:30:00	129	
29907317_237	2025-09-30T13:19:42	puhti	COMPLETED	66	0:0	mariaosm	mariaosm		1	1		52428800K	64536853K	00:30:00	66	
29910498_354	2025-09-30T15:48:16	puhti	FAILED	39	0:0	mariaosm	mariaosm		1	1		52428800K	5925K	00:30:00	39	
29907317_251	2025-09-30T13:19:42	puhti	FAILED	67	0:0	mariaosm	mariaosm		1	1		52428800K	86204859K	00:30:00	67	
29907317_238	2025-09-30T13:19:42	puhti	COMPLETED	130	0:0	mariaosm	mariaosm		1	1		52428800K	90042409K	00:30:00	130	
29910498_355	2025-09-30T15:48:16	puhti	FAILED	48	0:0	mariaosm	mariaosm		1	1		52428800K	5919K	00:30:00	48	
29907317_252	2025-09-30T13:19:42	puhti	CANCELLED	1808	0:0	mariaosm	mariaosm		1	1		52428800K	6302K	00:30:00	66543	18:29:03
29907317_239	2025-09-30T13:19:42	puhti	COMPLETED	68	0:0	mariaosm	mariaosm		1	1		52428800K	81550707K	00:30:00	68	
29910498_356	2025-09-30T15:48:16	puhti	FAILED	51	0:0	mariaosm	mariaosm		1	1		52428800K	5915K	00:30:00	51	
29907317_253	2025-09-30T13:19:42	puhti	CANCELLED	180	0:0	mariaosm	mariaosm		1	1		52428800K	6140K	00:30:00	66542	18:29:02
29910498_357	2025-09-30T15:48:16	puhti	FAILED	25	0:0	mariaosm	mariaosm		1	1		52428800K	3272K	00:30:00	25	
29907317_254	2025-09-30T13:19:42	puhti	COMPLETED	70	0:0	mariaosm	mariaosm		1	1		52428800K	6107K	00:30:00	70	
29907317_255	2025-09-30T13:19:42	puhti	COMPLETED	64	0:0	mariaosm	mariaosm		1	1		52428800K	6012K	00:30:00	64	
29907317_256	2025-09-30T13:19:42	puhti	COMPLETED	67	0:0	mariaosm	mariaosm		1	1		52428800K	97078092K	00:30:00	67	
29907317_270	2025-09-30T13:19:42	puhti	COMPLETED	70	0:0	mariaosm	mariaosm		1	1		52428800K	85967866K	00:30:00	70	
29907317_257	2025-09-30T13:19:42	puhti	COMPLETED	67	0:0	mariaosm	mariaosm		1	1		52428800K	70300271K	00:30:00	67	
29907097_100	2025-09-30T13:15:20	puhti	COMPLETED	371	0:0	mariaosm	mariaosm		1	1	05:32.169	52428800K	6110K	00:30:00	371	
29907317_271	2025-09-30T13:19:42	puhti	COMPLETED	128	0:0	mariaosm	mariaosm		1	1	01:01.514	52428800K	98782151K	00:30:00	128	
29907317_258	2025-09-30T13:19:42	puhti	COMPLETED	68	0:0	mariaosm	mariaosm		1	1		52428800K	93801974K	00:30:00	68	
29907097_101	2025-09-30T13:15:20	puhti	COMPLETED	323	0:0	mariaosm	mariaosm		1	1	04:30.472	52428800K	5946K	00:30:00	323	
29907317_272	2025-09-30T13:19:42	puhti	COMPLETED	69	0:0	mariaosm	mariaosm		1	1		52428800K	74782693K	00:30:00	69	
29907317_259	2025-09-30T13:19:42	puhti	COMPLETED	127	0:0	mariaosm	mariaosm		1	1		52428800K	6644K	00:30:00	127	
29907097_102	2025-09-30T13:15:20	puhti	COMPLETED	323	0:0	mariaosm	mariaosm		1	1	04:04.881	52428800K	5951K	00:30:00	323	
29907317_273	2025-09-30T13:19:42	puhti	COMPLETED	68	0:0	mariaosm	mariaosm		1	1		52428800K	67333757K	00:30:00	68	
29907097_103	2025-09-30T13:15:20	puhti	COMPLETED	349	0:0	mariaosm	mariaosm		1	1	05:19.223	52428800K	6133K	00:30:00	349	
29907317_274	2025-09-30T13:19:42	puhti	COMPLETED	126	0:0	mariaosm	mariaosm		1	1	01:00.935	52428800K	6522K	00:30:00	126	
29907097_104	2025-09-30T13:15:20	puhti	COMPLETED	306	0:0	mariaosm	mariaosm		1	1	04:32.561	52428800K	5928K	00:30:00	306	
29907317_275	2025-09-30T13:19:42	puhti	COMPLETED	68	0:0	mariaosm	mariaosm		1	1		52428800K	76940908K	00:30:00	68	
29907097_105	2025-09-30T13:15:20	puhti	COMPLETED	274	0:0	mariaosm	mariaosm		1	1	04:13.748	52428800K	5905K	00:30:00	274	
29907317_276	2025-09-30T13:19:42	puhti	COMPLETED	67	0:0	mariaosm	mariaosm		1	1		52428800K	96807166K	00:30:00	67	
29907097_106	2025-09-30T13:15:20	puhti	COMPLETED	306	0:0	mariaosm	mariaosm		1	1	04:04.564	52428800K	6008K	00:30:00	306	
29907317_290	2025-09-30T13:19:42	puhti	FAILED	36	0:0	mariaosm	mariaosm		1	1		52428800K	5951K	00:30:00	36	
29907317_277	2025-09-30T13:19:42	puhti	COMPLETED	67	0:0	mariaosm	mariaosm		1	1		52428800K	94814546K	00:30:00	67	
29907097_120	2025-09-30T13:15:20	puhti	COMPLETED	425	0:0	mariaosm	mariaosm		1	1	06:18.887	52428800K	6122K	00:30:00	425	
29907097_107	2025-09-30T13:15:20	puhti	COMPLETED	297	0:0	mariaosm	mariaosm		1	1	04:02.724	52428800K	5918K	00:30:00	297	
29907317_291	2025-09-30T13:19:42	puhti	FAILED	39	0:0	mariaosm	mariaosm		1	1		52428800K	5910K	00:30:00	39	
29907317_278	2025-09-30T13:19:42	puhti	COMPLETED	71	0:0	mariaosm	mariaosm		1	1		52428800K	6135K	00:30:00	71	
29907097_121	2025-09-30T13:15:20	puhti	COMPLETED	515	0:0	mariaosm	mariaosm		1	1	07:40.366	52428800K	6264K	00:30:00	515	
29907097_108	2025-09-30T13:15:20	puhti	COMPLETED	380	0:0	mariaosm	mariaosm		1	1	04:51.108	52428800K	6113K	00:30:00	380	
29907317_292	2025-09-30T13:19:42	puhti	FAILED	39	0:0	mariaosm	mariaosm		1	1		52428800K	6043K	00:30:00	39	
29907317_279	2025-09-30T13:19:42	puhti	FAILED	34	0:0	mariaosm	mariaosm		1	1		52428800K	6101K	00:30:00	34	
29907097_122	2025-09-30T13:15:20	puhti	COMPLETED	394	0:0	mariaosm	mariaosm		1	1	05:59.167	52428800K	6003K	00:30:00	394	
29907097_109	2025-09-30T13:15:20	puhti	COMPLETED	312	0:0	mariaosm	mariaosm		1	1	04:15.145	52428800K	5911K	00:30:00	312	
29907317_293	2025-09-30T13:19:42	puhti	FAILED	35	0:0	mariaosm	mariaosm		1	1		52428800K	6105K	00:30:00	35	
29907097_123	2025-09-30T13:15:20	puhti	COMPLETED	393	0:0	mariaosm	mariaosm		1	1	06:03.817	52428800K	6007K	00:30:00	393	
29907317_294	2025-09-30T13:19:42	puhti	FAILED	32	0:0	mariaosm	mariaosm		1	1		52428800K	6266K	00:30:00	32	
29907097_124	2025-09-30T13:15:20	puhti	COMPLETED	407	0:0	mariaosm	mariaosm		1	1	06:02.775	52428800K	6000K	00:30:00	407	
29907317_295	2025-09-30T13:19:42	puhti	FAILED	35	0:0	mariaosm	mariaosm		1	1		52428800K	5941K	00:30:00	35	
29907097_125	2025-09-30T13:15:20	puhti	COMPLETED	407	0:0	mariaosm	mariaosm		1	1	05:31.009	52428800K	6222K	00:30:00	407	
29907317_296	2025-09-30T13:19:42	puhti	FAILED	36	0:0	mariaosm	mariaosm		1	1		52428800K	6165K	00:30:00	36	
29907097_126	2025-09-30T13:15:20	puhti	COMPLETED	390	0:0	mariaosm	mariaosm		1	1	05:27.409	52428800K	6084K	00:30:00	390	
29907317_297	2025-09-30T13:19:42	puhti	FAILED	34	0:0	mariaosm	mariaosm		1	1		52428800K	6109K	00:30:00	34	
29907097_140	2025-09-30T13:15:20	puhti	COMPLETED	382	0:0	mariaosm	mariaosm		1	1	05:21.795	52428800K	8404861K	00:30:00	382	
29907097_127	2025-09-30T13:15:20	puhti	COMPLETED	408	0:0	mariaosm	mariaosm		1	1	05:46.799	52428800K	6250K	00:30:00	408	
29907317_298	2025-09-30T13:19:42	puhti	FAILED	33	0:0	mariaosm	mariaosm		1	1		52428800K	6098K	00:30:00	33	
29907097_141	2025-09-30T13:15:20	puhti	COMPLETED	362	0:0	mariaosm	mariaosm		1	1	04:51.983	52428800K	8403986K	00:30:00	362	
29907097_128	2025-09-30T13:15:20	puhti	COMPLETED	416	0:0	mariaosm	mariaosm		1	1	05:45.124	52428800K	6243K	00:30:00	416	
29907317_299	2025-09-30T13:19:42	puhti	FAILED	38	0:0	mariaosm	mariaosm		1	1		52428800K	6296K	00:30:00	38	
29907097_142	2025-09-30T13:15:20	puhti	COMPLETED	453	0:0	mariaosm	mariaosm		1	1	06:55.679	52428800K	8404116K	00:30:00	453	
29907097_129	2025-09-30T13:15:20	puhti	COMPLETED	411	0:0	mariaosm	mariaosm		1	1	05:47.298	52428800K	6532K	00:30:00	411	
29907097_143	2025-09-30T13:15:20	puhti	COMPLETED	369	0:0	mariaosm	mariaosm		1	1	06:02.939	52428800K	8404724K	00:30:00	369	
29907097_144	2025-09-30T13:15:20	puhti	COMPLETED	381	0:0	mariaosm	mariaosm		1	1	06:15.146	52428800K	8404719K	00:30:00	381	
29907097_145	2025-09-30T13:15:20	puhti	COMPLETED	458	0:0	mariaosm	mariaosm		1	1	07:18.891	52428800K	8404850K	00:30:00	458	
29907097_20	2025-09-30T13:15:20	puhti	COMPLETED	34	0:0	mariaosm	mariaosm		1	1		52428800K	6896K	00:30:00	34	
29907097_146	2025-09-30T13:15:20	puhti	COMPLETED	733	0:0	mariaosm	mariaosm		1	1	11:00.810	52428800K	8404727K	00:30:00	734	
29907097_21	2025-09-30T13:15:20	puhti	COMPLETED	30	0:0	mariaosm	mariaosm		1	1		52428800K	3276K	00:30:00	30	
29907097_160	2025-09-30T13:15:20	puhti	COMPLETED	605	0:0	mariaosm	mariaosm		1	1	09:29.448	52428800K	8404917K	00:30:00	605	
29907097_147	2025-09-30T13:15:20	puhti	COMPLETED	913	0:0	mariaosm	mariaosm		1	1	14:50.053	52428800K	8404830K	00:30:00	913	
29907097_22	2025-09-30T13:15:20	puhti	COMPLETED	25	0:0	mariaosm	mariaosm		1	1		52428800K	6054K	00:30:00	25	
29907097_161	2025-09-30T13:15:20	puhti	COMPLETED	593	0:0	mariaosm	mariaosm		1	1	09:16.212	52428800K	8404805K	00:30:00	593	
29907097_148	2025-09-30T13:15:20	puhti	COMPLETED	720	0:0	mariaosm	mariaosm		1	1	11:31.925	52428800K	8404712K	00:30:00	720	
29907097_23	2025-09-30T13:15:20	puhti	COMPLETED	48	0:0	mariaosm	mariaosm		1	1		52428800K	5795K	00:30:00	48	
29907097_162	2025-09-30T13:15:20	puhti	COMPLETED	566	0:0	mariaosm	mariaosm		1	1	08:48.679	52428800K	8404747K	00:30:00	566	
29907097_149	2025-09-30T13:15:20	puhti	COMPLETED	660	0:0	mariaosm	mariaosm		1	1	10:20.314	52428800K	8404800K	00:30:00	660	
29907097_24	2025-09-30T13:15:20	puhti	COMPLETED	54	0:0	mariaosm	mariaosm		1	1		52428800K	5779K	00:30:00	54	
29907097_163	2025-09-30T13:15:20	puhti	COMPLETED	565	0:0	mariaosm	mariaosm		1	1	08:43.928	52428800K	8404748K	00:30:00	565	
29907097_25	2025-09-30T13:15:20	puhti	COMPLETED	52	0:0	mariaosm	mariaosm		1	1		52428800K	5931K	00:30:00	52	
29907097_164	2025-09-30T13:15:20	puhti	COMPLETED	500	0:0	mariaosm	mariaosm		1	1	07:08.198	52428800K	8404966K	00:30:00	500	
29907097_26	2025-09-30T13:15:20	puhti	COMPLETED	48	0:0	mariaosm	mariaosm		1	1		52428800K	5931K	00:30:00	48	
29907097_165	2025-09-30T13:15:20	puhti	COMPLETED	474	0:0	mariaosm	mariaosm		1	1	06:54.137	52428800K	8404956K	00:30:00	474	
29907097_40	2025-09-30T13:15:20	puhti	COMPLETED	32	0:0	mariaosm	mariaosm		1	1		52428800K	6112K	00:30:00	32	
29907097_27	2025-09-30T13:15:20	puhti	COMPLETED	72	0:0	mariaosm	mariaosm		1	1	01:04.946	52428800K	6113K	00:30:00	72	
29907097_166	2025-09-30T13:15:20	puhti	COMPLETED	610	0:0	mariaosm	mariaosm		1	1	08:10.919	52428800K	8404741K	00:30:00	610	
29907097_41	2025-09-30T13:15:20	puhti	COMPLETED	43	0:0	mariaosm	mariaosm		1	1		52428800K	6099K	00:30:00	43	
29907097_28	2025-09-30T13:15:20	puhti	COMPLETED	52	0:0	mariaosm	mariaosm		1	1		52428800K	6118K	00:30:00	52	
29907097_200	2025-09-30T13:15:20	puhti	COMPLETED	1296	0:0	mariaosm	mariaosm		1	1	20:30.818	52428800K	6500K	00:30:00	1296	
29907097_180	2025-09-30T13:15:20	puhti	COMPLETED	1100	0:0	mariaosm	mariaosm		1	1	17:36.521	52428800K	6209K	00:30:00	1100	
29907097_167	2025-09-30T13:15:20	puhti	COMPLETED	614	0:0	mariaosm	mariaosm		1	1	08:37.673	52428800K	8404760K	00:30:00	614	
29907097_42	2025-09-30T13:15:20	puhti	COMPLETED	52	0:0	mariaosm	mariaosm		1	1		52428800K	6075K	00:30:00	52	
29907097_29	2025-09-30T13:15:20	puhti	COMPLETED	41	0:0	mariaosm	mariaosm		1	1		52428800K	6075K	00:30:00	41	
29907097_181	2025-09-30T13:15:20	puhti	COMPLETED	1057	0:0	mariaosm	mariaosm		1	1	17:10.243	52428800K	6092K	00:30:00	1057	
29907097_168	2025-09-30T13:15:20	puhti	COMPLETED	593	0:0	mariaosm	mariaosm		1	1	09:22.049	52428800K	8404797K	00:30:00	593	
29907097_43	2025-09-30T13:15:20	puhti	COMPLETED	65	0:0	mariaosm	mariaosm		1	1	01:00.701	52428800K	6242K	00:30:00	65	
29907097_182	2025-09-30T13:15:20	puhti	COMPLETED	1295	0:0	mariaosm	mariaosm		1	1	21:03.677	52428800K	6521K	00:30:00	1295	
29907097_169	2025-09-30T13:15:20	puhti	COMPLETED	642	0:0	mariaosm	mariaosm		1	1	09:05.941	52428800K	8404804K	00:30:00	642	
29907097_44	2025-09-30T13:15:20	puhti	COMPLETED	57	0:0	mariaosm	mariaosm		1	1		52428800K	6520K	00:30:00	57	
29907097_183	2025-09-30T13:15:20	puhti	COMPLETED	1495	0:0	mariaosm	mariaosm		1	1	24:32.241	52428800K	6134K	00:30:00	1495	
29907097_45	2025-09-30T13:15:20	puhti	COMPLETED	113	0:0	mariaosm	mariaosm		1	1	01:38.749	52428800K	6122K	00:30:00	113	
29907097_184	2025-09-30T13:15:20	puhti	COMPLETED	1722	0:0	mariaosm	mariaosm		1	1	28:12.852	52428800K	6370K	00:30:00	1722	
29907097_46	2025-09-30T13:15:20	puhti	COMPLETED	138	0:0	mariaosm	mariaosm		1	1	01:24.744	52428800K	6312K	00:30:00	139	
